org,file_,commits,developers,fix_commits,age,avg_edit_time,defect_status
MOZILLA,modules/deploystudio/manifests/settings.pp,1,1,0,43,0,1
MOZILLA,modules/packages/manifests/mozilla/dumbwin32proc.pp,2,2,0,28,172,0
MOZILLA,modules/pushapk_scriptworker/manifests/settings.pp,13,3,2,21,35.46153846153846,1
MOZILLA,modules/smarthost/manifests/setup.pp,7,4,1,77,261.57142857142856,1
MOZILLA,modules/packages/manifests/p7zip.pp,3,3,0,66,502,0
MOZILLA,modules/toplevel/manifests/slave/releng.pp,32,6,0,53,36.34375,1
MOZILLA,modules/python35/manifests/init.pp,1,1,0,27,0,1
MOZILLA,modules/packages/manifests/libpng.pp,2,2,0,64,717,1
MOZILLA,modules/bors/manifests/init.pp,2,1,0,66,903.5,1
MOZILLA,modules/packages/manifests/editors.pp,10,6,1,77,183.1,0
MOZILLA,modules/buildduty_tools/manifests/init.pp,2,2,0,30,202.5,1
MOZILLA,modules/kernelmodule/manifests/rc_modules.pp,2,2,0,52,538.5,0
MOZILLA,modules/ccache/manifests/ccache_dir.pp,6,3,0,78,305.5,0
MOZILLA,modules/nrpe/manifests/check.pp,5,3,0,78,372.2,0
MOZILLA,modules/python/manifests/virtualenv/package.pp,12,5,0,80,188,1
MOZILLA,modules/users/manifests/homeclean.pp,4,3,1,65,367.25,0
MOZILLA,modules/disableservices/manifests/slave.pp,9,6,1,77,202.55555555555554,1
MOZILLA,modules/ganglia/manifests/init.pp,7,3,0,76,78,1
MOZILLA,manifests/seamonkey-config.pp,23,6,1,67,65.3913043478261,1
MOZILLA,modules/bors/manifests/cron.pp,3,2,0,66,137.33333333333334,1
MOZILLA,modules/hardware/manifests/init.pp,28,7,1,75,62.142857142857146,1
MOZILLA,modules/packages/manifests/patch.pp,6,6,1,73,284.3333333333333,0
MOZILLA,modules/supervisord/manifests/supervise.pp,8,4,0,76,225.625,0
MOZILLA,modules/collectd/manifests/profiles.pp,7,3,0,62,193.85714285714286,1
MOZILLA,modules/gaia_bumper/manifests/init.pp,1,1,0,65,0,1
MOZILLA,modules/shellprofile/manifests/settings.pp,1,1,0,58,0,1
MOZILLA,modules/puppetmaster/manifests/init.pp,12,3,0,75,128.33333333333334,1
MOZILLA,modules/toplevel/manifests/server/aws_manager.pp,3,3,0,56,156.33333333333334,0
MOZILLA,modules/mozpool/manifests/virtualenv.pp,25,2,0,72,6.76,1
MOZILLA,modules/buildbot_bridge2/manifests/conf.pp,3,3,0,18,116.33333333333333,0
MOZILLA,modules/toplevel/manifests/server/buildmaster/seamonkey.pp,2,2,1,44,146,1
MOZILLA,modules/packages/manifests/mozilla/mozilla_build.pp,23,5,3,52,45.869565217391305,1
MOZILLA,modules/bors/manifests/instance.pp,7,2,0,66,213,1
MOZILLA,modules/tweaks/manifests/swap_on_instance_storage.pp,2,2,0,57,617.5,1
MOZILLA,modules/toplevel/manifests/slave/test/gpu.pp,5,3,0,68,48.8,0
MOZILLA,modules/packages/manifests/pkgzip.pp,4,3,0,51,261.75,0
MOZILLA,modules/python35/manifests/virtualenv/package.pp,3,2,0,27,104,1
MOZILLA,modules/collectd/manifests/plugins/disk.pp,2,2,0,62,67,0
MOZILLA,modules/packages/manifests/llvm.pp,2,2,0,70,803.5,0
MOZILLA,modules/windows_firewall/manifests/exception.pp,1,1,0,48,0,0
MOZILLA,modules/log_aggregator/manifests/init.pp,12,4,1,49,81.83333333333333,1
MOZILLA,modules/network/manifests/resolv.pp,1,1,0,56,0,0
MOZILLA,modules/python/manifests/init.pp,4,2,0,81,167,1
MOZILLA,modules/tweaks/manifests/pwrshell_options.pp,2,2,0,48,476,0
MOZILLA,modules/slave_secrets/manifests/mozilla_geoloc_api_keys.pp,2,2,0,46,445.5,0
MOZILLA,modules/sudoers/manifests/reboot.pp,13,6,4,78,143,1
MOZILLA,modules/users/manifests/person.pp,9,5,0,65,166.44444444444446,1
MOZILLA,modules/dirs/manifests/installersource/puppetagain_pub_build_mozilla_org/zips.pp,2,2,0,48,478.5,0
MOZILLA,modules/taskcluster_host_secrets/manifests/init.pp,11,3,0,19,13.727272727272727,1
MOZILLA,modules/toplevel/manifests/server/foopy.pp,4,3,0,76,232.75,0
MOZILLA,modules/beetmover_scriptworker/manifests/settings.pp,33,9,8,24,21.303030303030305,1
MOZILLA,modules/aws_manager/manifests/install.pp,15,8,0,56,100.8,0
MOZILLA,modules/dirs/manifests/installersource/puppetagain_pub_build_mozilla_org/msis.pp,2,2,0,51,526,0
MOZILLA,modules/toplevel/manifests/slave/releng/build/mock/av.pp,3,2,0,38,11.333333333333334,0
MOZILLA,modules/packages/manifests/mozilla/hgtool.pp,7,5,0,74,246.71428571428572,0
MOZILLA,modules/funsize_scheduler/manifests/settings.pp,2,2,0,41,367.5,1
MOZILLA,modules/instance_metadata/manifests/init.pp,5,4,1,56,239.4,1
MOZILLA,modules/toplevel/manifests/slave/releng/build.pp,25,8,0,53,46.68,0
MOZILLA,modules/slave_secrets/manifests/relengapi_token.pp,2,2,0,43,396.5,0
MOZILLA,modules/bouncer_scriptworker/manifests/settings.pp,8,5,2,8,21.375,1
MOZILLA,modules/python3/manifests/misc_python_dir.pp,1,1,0,7,0,0
MOZILLA,modules/puppetmaster/manifests/extsync_crontask.pp,3,3,0,60,439.3333333333333,0
MOZILLA,modules/windowsutils/manifests/startup_tasks.pp,3,2,0,38,220,1
MOZILLA,modules/kernelmodule/manifests/init.pp,6,3,0,68,258.5,1
MOZILLA,modules/tweaks/manifests/tcp_challenge_ack_limit.pp,2,2,0,26,154,0
MOZILLA,modules/assert/tests/assert.pp,3,2,2,52,172.33333333333334,1
MOZILLA,modules/signing_server_cert_check/manifests/cron.pp,1,1,1,1,0,1
MOZILLA,modules/funsize_scheduler/manifests/init.pp,96,5,5,41,8.333333333333334,1
MOZILLA,modules/funsize_scheduler/manifests/services.pp,2,2,0,41,367.5,0
MOZILLA,modules/concat/manifests/init.pp,8,2,1,76,106.125,1
MOZILLA,modules/bsdpy/manifests/init.pp,1,1,0,2,0,1
MOZILLA,modules/python/manifests/user_pip_conf.pp,12,4,1,78,153.66666666666666,0
MOZILLA,modules/casper/manifests/settings.pp,1,1,0,58,0,1
MOZILLA,modules/dnsmasq/manifests/init.pp,2,2,0,51,337,1
MOZILLA,modules/packages/manifests/javadeveloper_for_os_x.pp,4,4,0,64,359.75,0
MOZILLA,modules/nrpe/manifests/install.pp,3,2,0,78,84,0
MOZILLA,modules/b2g_bumper/manifests/init.pp,1,1,0,58,0,1
MOZILLA,modules/bors/manifests/status.pp,3,2,0,66,489.6666666666667,1
MOZILLA,modules/puppet/manifests/config.pp,11,5,1,87,192,0
MOZILLA,modules/nrpe/manifests/service.pp,9,4,2,78,206.44444444444446,1
MOZILLA,modules/toplevel/manifests/server/buildmaster.pp,10,6,1,68,202.5,0
MOZILLA,modules/disableservices/manifests/release_upgrader.pp,3,2,0,43,266,0
MOZILLA,modules/packages/manifests/procmail.pp,4,4,0,69,396.75,0
MOZILLA,modules/slaveapi/manifests/aws.pp,9,5,0,53,158,1
MOZILLA,modules/tree_scriptworker/manifests/init.pp,19,5,3,8,5.684210526315789,1
MOZILLA,modules/packages/manifests/mesa.pp,18,5,2,56,66.5,0
MOZILLA,modules/timezone/manifests/init.pp,15,5,2,74,114.66666666666667,1
MOZILLA,modules/addon_scriptworker/manifests/init.pp,11,4,2,7,3.090909090909091,1
MOZILLA,modules/disableservices/manifests/common.pp,44,10,7,77,43.93181818181818,1
MOZILLA,modules/slave_secrets/manifests/adjust_sdk_token.pp,3,3,0,42,261.6666666666667,0
MOZILLA,modules/runner/manifests/tasks/mig_agent.pp,5,4,1,46,180.4,0
MOZILLA,modules/packages/manifests/subversion.pp,3,3,0,46,295.6666666666667,0
MOZILLA,modules/packages/manifests/mozilla/git.pp,26,12,3,78,75.46153846153847,0
MOZILLA,modules/ssh/manifests/init.pp,3,1,2,75,51.333333333333336,1
MOZILLA,modules/osxutils/manifests/defaults.pp,7,4,1,77,258.42857142857144,0
MOZILLA,modules/packages/manifests/metcollect.pp,3,2,0,40,240.33333333333334,0
MOZILLA,modules/diamond/manifests/config.pp,2,1,0,56,1,0
MOZILLA,modules/nrpe/manifests/check/puppetmaster_certs.pp,2,2,0,51,525.5,1
MOZILLA,modules/runner/manifests/tasks/checkout_tools.pp,9,5,3,53,121.77777777777777,1
MOZILLA,modules/diamond/manifests/init.pp,1,1,0,56,0,1
MOZILLA,modules/nxlog/manifests/conf.pp,2,2,0,41,3.5,0
MOZILLA,modules/toplevel/manifests/server/tps_ci.pp,3,2,0,53,15.666666666666666,0
MOZILLA,modules/tweaks/manifests/tcp_keepalive.pp,3,2,1,69,529.6666666666666,1
MOZILLA,modules/nrpe/manifests/init.pp,3,1,0,78,84,1
MOZILLA,modules/slaverebooter/manifests/services.pp,3,2,1,58,420.6666666666667,0
MOZILLA,modules/buildbot_bridge/manifests/init.pp,23,7,4,42,49.43478260869565,1
MOZILLA,modules/slave_secrets/manifests/google_oauth_api_key.pp,6,3,0,49,167.33333333333334,1
MOZILLA,modules/selfserve_agent/manifests/init.pp,1,1,0,60,0,1
MOZILLA,modules/packages/manifests/nodejs.pp,16,5,1,70,100.125,0
MOZILLA,manifests/relabs-nodes.pp,27,3,0,66,55.51851851851852,0
MOZILLA,modules/puppetmaster/manifests/environment.pp,2,2,0,52,541,1
MOZILLA,modules/security/manifests/motd.pp,2,2,0,43,406.5,1
MOZILLA,modules/cruncher/manifests/httpd.pp,2,2,0,29,196.5,0
MOZILLA,modules/mozpool/manifests/httpd.pp,3,1,0,72,54.666666666666664,0
MOZILLA,modules/packages/manifests/collectd.pp,12,4,1,65,121.41666666666667,0
MOZILLA,modules/slave_secrets/manifests/release_s3_credentials.pp,5,5,1,37,123,1
MOZILLA,modules/cruncher/manifests/install.pp,1,1,0,29,0,0
MOZILLA,modules/collectd/manifests/util/config_gen.pp,3,3,0,62,453,0
MOZILLA,modules/dirs/manifests/tools.pp,5,4,1,80,383,0
MOZILLA,modules/tweaks/manifests/fonts.pp,3,3,0,70,536.3333333333334,0
MOZILLA,modules/buildmaster/manifests/buildbot_master/mozilla.pp,20,8,2,66,74.5,1
MOZILLA,modules/vnc/manifests/init.pp,18,8,2,76,100.38888888888889,1
MOZILLA,modules/toplevel/manifests/server/buildmaster/mozilla.pp,3,2,0,57,120.33333333333333,0
MOZILLA,modules/collectd/manifests/init.pp,10,4,3,65,145.3,1
MOZILLA,modules/motd/manifests/base.pp,11,5,2,76,163.9090909090909,1
MOZILLA,modules/python3/manifests/init.pp,1,1,0,7,0,1
MOZILLA,modules/toplevel/manifests/mixin/releaserunner.pp,2,2,0,54,205,0
MOZILLA,modules/python/manifests/pip_check_py.pp,7,3,0,80,274.85714285714283,0
MOZILLA,modules/ntp/manifests/atboot.pp,11,8,3,84,184.9090909090909,1
MOZILLA,modules/buildslave/manifests/init.pp,6,2,0,80,210.5,1
MOZILLA,modules/buildmaster/manifests/queue.pp,19,8,6,68,99.26315789473684,1
MOZILLA,modules/users/manifests/people.pp,2,2,0,65,735,0
MOZILLA,modules/nightlypromotion/manifests/init.pp,4,1,1,36,2.5,1
MOZILLA,modules/mergeday/manifests/install.pp,3,1,1,4,24.333333333333332,0
MOZILLA,modules/packages/manifests/fonts.pp,7,5,2,70,229.71428571428572,0
MOZILLA,modules/deploystudio/manifests/init.pp,1,1,0,43,0,1
MOZILLA,modules/stdlib/manifests/stages.pp,1,1,0,65,0,1
MOZILLA,modules/sudoers/manifests/customfile.pp,7,4,2,65,209.85714285714286,1
MOZILLA,modules/ssh/manifests/config.pp,19,7,4,75,93.26315789473684,0
MOZILLA,modules/runner/manifests/tasks/config_hgrc.pp,5,4,0,40,144,0
MOZILLA,modules/smarthost/manifests/init.pp,6,4,2,77,305.1666666666667,1
MOZILLA,modules/powermanagement/manifests/init.pp,2,2,0,77,101.5,1
MOZILLA,modules/signingworker/manifests/services.pp,6,4,1,41,124.5,0
MOZILLA,modules/dnsmasq/manifests/settings.pp,2,2,0,51,515,1
MOZILLA,modules/tweaks/manifests/windows_network_opt_netsh.pp,12,3,3,41,61.083333333333336,1
MOZILLA,manifests/moco-config.pp,436,32,21,67,4.1077981651376145,1
MOZILLA,modules/packages/manifests/jdk16.pp,6,4,0,64,239.66666666666666,0
MOZILLA,modules/ssh/manifests/userconfig.pp,18,5,6,75,97.83333333333333,1
MOZILLA,modules/collectd/manifests/disable.pp,2,1,0,62,6,0
MOZILLA,modules/grub/manifests/init.pp,3,2,1,45,284.6666666666667,1
MOZILLA,modules/users/manifests/root/setup.pp,21,5,3,75,84.42857142857143,0
MOZILLA,modules/puppetmaster/manifests/data.pp,12,3,1,67,155.08333333333334,1
MOZILLA,modules/packages/manifests/mozilla/screenresolution.pp,12,5,2,76,151.5,0
MOZILLA,modules/pkgbuilder/manifests/init.pp,7,5,1,61,189.85714285714286,1
MOZILLA,modules/packages/manifests/mozilla/tooltool.pp,12,6,1,78,153.83333333333334,1
MOZILLA,modules/packages/manifests/netcat.pp,3,3,1,67,511,1
MOZILLA,modules/powermanagement/manifests/setup.pp,12,5,1,77,150.5,1
MOZILLA,modules/ssh/manifests/service.pp,12,4,3,75,146.83333333333334,1
MOZILLA,modules/users/manifests/syncbld.pp,4,2,2,29,99.5,0
MOZILLA,modules/packages/manifests/virtualenv.pp,4,2,0,18,24,1
MOZILLA,modules/packages/manifests/mysql.pp,7,6,1,71,284.14285714285717,0
MOZILLA,modules/runner/manifests/init.pp,30,9,1,53,46.93333333333333,1
MOZILLA,modules/runner/manifests/service.pp,20,7,1,53,54.6,1
MOZILLA,modules/pushapkworker/manifests/init.pp,5,2,0,25,23,1
MOZILLA,modules/signing_scriptworker/manifests/services.pp,4,1,0,27,23,0
MOZILLA,modules/concat/manifests/fragment.pp,6,1,1,76,65.66666666666667,0
MOZILLA,modules/buildbot_bridge2/manifests/init.pp,8,5,4,18,51.25,1
MOZILLA,modules/pushsnap_scriptworker/manifests/init.pp,12,4,2,7,15.166666666666666,1
MOZILLA,modules/sshd/manifests/service.pp,3,2,0,76,5.666666666666667,1
MOZILLA,modules/acl/tests/hiera.pp,1,1,0,48,0,0
MOZILLA,modules/ssh/manifests/settings.pp,10,3,3,75,176.2,1
MOZILLA,modules/jacuzzi_metadata/manifests/init.pp,1,1,0,55,0,1
MOZILLA,modules/androidemulator/manifests/init.pp,5,2,0,63,19.2,1
MOZILLA,modules/packages/manifests/aptrepo.pp,9,4,1,70,202.11111111111111,1
MOZILLA,modules/puppetmaster/manifests/install.pp,16,5,0,75,126.75,0
MOZILLA,modules/disableservices/manifests/disable_win_defend.pp,2,2,0,32,241.5,0
MOZILLA,modules/users/manifests/builder/account.pp,25,10,5,76,80.2,1
MOZILLA,modules/signing_server_cert_check/manifests/init.pp,1,1,1,1,0,1
MOZILLA,modules/python3/manifests/user_pip_conf.pp,1,1,0,7,0,0
MOZILLA,modules/git/manifests/repo.pp,4,3,0,47,227.75,1
MOZILLA,modules/packages/manifests/binscope.pp,4,4,2,51,262.75,1
MOZILLA,modules/buildmaster/manifests/base.pp,6,5,0,66,249.33333333333334,1
MOZILLA,modules/balrog_scriptworker/manifests/settings.pp,13,5,1,25,43.38461538461539,1
MOZILLA,modules/roller/manifests/instance.pp,2,1,1,9,0,1
MOZILLA,modules/buildbot_bridge/manifests/conf.pp,5,3,0,42,156,0
MOZILLA,modules/packages/manifests/httpd.pp,7,6,0,75,253.57142857142858,0
MOZILLA,modules/proxxy/manifests/init.pp,2,2,0,49,495,1
MOZILLA,modules/nrpe/manifests/check/check_free_aws_ips.pp,2,2,0,40,356.5,0
MOZILLA,modules/clean/manifests/appstate.pp,6,4,2,75,293.6666666666667,0
MOZILLA,modules/httpd/manifests/init.pp,14,7,2,75,158.57142857142858,1
MOZILLA,modules/releaserunner/manifests/settings.pp,3,3,0,64,483.3333333333333,1
MOZILLA,modules/web_proxy/manifests/environment.pp,9,3,0,53,122.44444444444444,1
MOZILLA,modules/puppet/manifests/environment.pp,4,2,2,64,86.5,1
MOZILLA,modules/mercurial/manifests/repo.pp,5,3,1,64,289.4,1
MOZILLA,modules/windows_path/tests/init.pp,1,1,0,45,0,1
MOZILLA,modules/buildmaster/manifests/settings.pp,5,5,0,68,311.4,1
MOZILLA,modules/config/manifests/init.pp,18,5,4,84,27.72222222222222,1
MOZILLA,modules/aws_manager/manifests/init.pp,2,1,0,56,35.5,1
MOZILLA,modules/packages/manifests/mozilla/gittool.pp,4,4,0,72,414.75,0
MOZILLA,modules/users/manifests/init.pp,1,1,0,85,0,1
MOZILLA,modules/packages/manifests/pywin32.pp,6,3,0,44,140.5,0
MOZILLA,modules/hardware/manifests/ec2_config.pp,2,1,0,40,11.5,0
MOZILLA,modules/toplevel/manifests/server/mozmill_ci.pp,3,2,0,53,16,0
MOZILLA,modules/releaserunner/manifests/services.pp,6,5,2,64,299.8333333333333,0
MOZILLA,modules/beetmover_scriptworker/manifests/services.pp,3,1,0,24,28,0
MOZILLA,modules/transparency_scriptworker/manifests/init.pp,36,6,3,15,7.916666666666667,1
MOZILLA,modules/packages/manifests/nrpe.pp,15,5,1,66,132.13333333333333,1
MOZILLA,modules/packages/manifests/libxcb1.pp,10,5,0,56,120,0
MOZILLA,modules/docker_ce/manifests/init.pp,1,1,0,9,0,1
MOZILLA,modules/buildmaster/manifests/db_maintenance.pp,7,4,0,60,235.57142857142858,0
MOZILLA,modules/motd/manifests/settings.pp,5,3,1,63,282.6,1
MOZILLA,modules/scriptworker/manifests/instance.pp,18,7,2,23,32.22222222222222,1
MOZILLA,modules/python3/manifests/settings.pp,1,1,0,5,0,1
MOZILLA,modules/cruncher/manifests/cron.pp,4,4,0,29,185.25,1
MOZILLA,modules/dirs/manifests/builds.pp,4,2,1,80,478.75,0
MOZILLA,modules/packages/manifests/mozilla/py27_mercurial.pp,64,17,8,78,35.828125,1
MOZILLA,modules/releaserunner3/manifests/settings.pp,1,1,0,12,0,1
MOZILLA,modules/firewall/manifests/params.pp,1,1,0,17,0,0
MOZILLA,modules/mozpool/manifests/daemon.pp,8,1,1,72,30.125,1
MOZILLA,modules/nginx/manifests/init.pp,2,2,0,49,495,1
MOZILLA,modules/l10n_bumper/manifests/init.pp,3,2,0,20,40.666666666666664,1
MOZILLA,modules/pushapkworker/manifests/settings.pp,2,2,0,25,56.5,1
MOZILLA,modules/disableservices/manifests/server.pp,5,4,1,77,364.8,1
MOZILLA,modules/motd/manifests/init.pp,6,2,1,76,300,1
MOZILLA,modules/packages/manifests/pkgdmg.pp,9,4,0,76,198.88888888888889,0
MOZILLA,modules/slave_secrets/manifests/ssh_keys.pp,12,7,0,59,107,0
MOZILLA,modules/toplevel/manifests/slave/qa/tps_ci.pp,1,1,0,53,0,0
MOZILLA,manifests/secrets.pp,1,1,0,87,0,0
MOZILLA,modules/tweaks/manifests/disable_desktop_interruption.pp,2,2,0,30,206.5,0
MOZILLA,modules/stdlib/manifests/init.pp,1,1,0,65,0,1
MOZILLA,modules/packages/manifests/mercurial.pp,7,4,1,75,252.71428571428572,0
MOZILLA,modules/users/manifests/root.pp,18,6,3,85,114,0
MOZILLA,modules/packages/manifests/mozilla/hiera_eyaml.pp,3,2,0,62,461.6666666666667,0
MOZILLA,modules/tweaks/manifests/cron.pp,3,3,1,64,482.6666666666667,1
MOZILLA,modules/packages/manifests/debmirror.pp,4,3,0,67,378.75,0
MOZILLA,modules/fw/manifests/init.pp,3,2,0,65,481,1
MOZILLA,modules/ssh/manifests/extra_authorized_key.pp,4,2,1,65,368,1
MOZILLA,modules/signingworker/manifests/init.pp,23,4,2,41,46.34782608695652,1
MOZILLA,modules/tree_scriptworker/manifests/settings.pp,6,3,0,8,19,1
MOZILLA,modules/toplevel/manifests/worker/releng/test.pp,1,1,0,23,0,1
MOZILLA,modules/bacula_client/manifests/settings.pp,2,2,0,40,346.5,1
MOZILLA,modules/signingserver/manifests/base.pp,18,9,0,64,82.05555555555556,1
MOZILLA,modules/blackmobilemagic/manifests/init.pp,3,2,0,73,4,1
MOZILLA,modules/packages/manifests/pyyaml.pp,6,4,0,60,218.66666666666666,0
MOZILLA,modules/packages/manifests/7z920.pp,5,3,2,52,215.4,0
MOZILLA,modules/metcollect/manifests/init.pp,2,2,0,40,352.5,1
MOZILLA,modules/tweaks/manifests/init.pp,1,1,0,81,0,1
MOZILLA,modules/toplevel/manifests/worker/releng/test/gpu.pp,1,1,0,23,0,0
MOZILLA,modules/packages/manifests/setup.pp,217,23,7,87,11.534562211981568,1
MOZILLA,modules/mockbuild/manifests/init.pp,10,8,0,77,180.5,1
MOZILLA,modules/selfserve_agent/manifests/settings.pp,2,2,0,60,661,1
MOZILLA,modules/buildslave/manifests/startup.pp,22,7,1,80,86.63636363636364,0
MOZILLA,modules/packages/manifests/alsa.pp,4,4,0,75,442.25,0
MOZILLA,modules/vnc/manifests/appearance.pp,4,4,1,75,40.25,1
MOZILLA,modules/dnsmasq/manifests/config.pp,1,1,0,51,0,0
MOZILLA,modules/roller/manifests/base.pp,1,1,0,9,0,1
MOZILLA,modules/slave_secrets/manifests/crash_stats_api_token.pp,5,3,0,44,171.4,1
MOZILLA,modules/signingworker/manifests/settings.pp,2,2,0,41,374,1
MOZILLA,modules/aws_manager/manifests/cron.pp,63,15,1,56,22.841269841269842,1
MOZILLA,modules/packages/manifests/mozilla/signmar.pp,4,2,0,64,360,0
MOZILLA,modules/registry/manifests/service.pp,1,1,0,52,0,1
MOZILLA,modules/vnc/manifests/ultravnc_ini.pp,6,4,1,51,174.5,0
MOZILLA,modules/windows_firewall/manifests/init.pp,1,1,0,48,0,1
MOZILLA,modules/puppet/manifests/settings.pp,8,3,1,69,196.25,1
MOZILLA,modules/python35/manifests/virtualenv/settings.pp,3,3,0,27,104.33333333333333,0
MOZILLA,modules/packages/manifests/libevent.pp,3,2,0,64,480,0
MOZILLA,modules/diamond/manifests/disable.pp,1,1,0,56,0,0
MOZILLA,modules/packages/manifests/bash.pp,12,5,3,50,83.08333333333333,0
MOZILLA,modules/blackmobilemagic/manifests/settings.pp,2,1,0,73,2.5,1
MOZILLA,modules/nrpe/manifests/check/puppet_agent.pp,2,2,0,66,753,1
MOZILLA,modules/l10n_bumper/manifests/services.pp,2,2,0,20,61.5,0
MOZILLA,modules/python3/manifests/virtualenv/package.pp,2,1,0,7,18,1
MOZILLA,modules/packages/manifests/rsyslog_mysql.pp,7,4,1,73,244,0
MOZILLA,modules/packages/manifests/puppetserver.pp,7,3,0,75,252.57142857142858,0
MOZILLA,modules/funsize_scheduler/manifests/conf.pp,3,3,0,41,245,0
MOZILLA,modules/firewall/manifests/linux/archlinux.pp,2,2,0,65,714,0
MOZILLA,modules/releaserunner3/manifests/services.pp,1,1,0,12,0,0
MOZILLA,modules/python27/manifests/user_pip_conf.pp,1,1,1,11,0,0
MOZILLA,modules/bouncer_scriptworker/manifests/init.pp,18,6,1,8,12.777777777777779,1
MOZILLA,modules/dirs/manifests/etc/mozilla_maintenance_service.pp,2,2,0,32,235,0
MOZILLA,modules/registry/tests/init.pp,1,1,0,52,0,1
MOZILLA,modules/packages/manifests/openipmi.pp,10,5,0,74,173.5,0
MOZILLA,modules/rsyslog/manifests/settings.pp,3,3,0,73,571.6666666666666,1
MOZILLA,modules/puppetmaster/manifests/deploy.pp,6,4,0,67,252.16666666666666,1
MOZILLA,modules/dirs/manifests/slave.pp,2,2,0,30,197,1
MOZILLA,modules/python3/manifests/virtualenv/prerequisites.pp,1,1,0,5,0,0
MOZILLA,manifests/stages.pp,5,2,0,87,100.4,1
MOZILLA,modules/runner/manifests/task.pp,14,6,1,53,79.14285714285714,1
MOZILLA,modules/pushsnap_scriptworker/manifests/settings.pp,3,2,0,7,19,1
MOZILLA,modules/ntp/manifests/init.pp,1,1,0,84,0,1
MOZILLA,manifests/settings.pp,5,2,0,87,17.8,1
MOZILLA,modules/shared/manifests/execonce/base.pp,3,2,1,48,318,1
MOZILLA,modules/shellprofile/manifests/base.pp,10,5,4,72,167.7,1
MOZILLA,modules/packages/manifests/wget.pp,16,8,3,76,111.4375,0
MOZILLA,modules/gui/manifests/init.pp,25,8,2,68,70,1
MOZILLA,modules/tweaks/manifests/i82574l_aspm.pp,2,2,0,67,763,0
MOZILLA,modules/runner/manifests/tasks/clobber.pp,5,4,0,44,168,0
MOZILLA,modules/packages/manifests/win7sdk.pp,3,2,0,30,133.33333333333334,0
MOZILLA,modules/config/manifests/secrets.pp,14,5,0,84,36.57142857142857,0
MOZILLA,modules/metcollect/manifests/settings.pp,3,3,0,40,234.66666666666666,1
MOZILLA,modules/registry/manifests/init.pp,1,1,0,52,0,1
MOZILLA,modules/datadog_agent/manifests/init.pp,2,1,1,11,153,1
MOZILLA,modules/dirs/manifests/builds/tooltool_cache.pp,3,3,0,55,388,0
MOZILLA,modules/dirs/manifests/programdata.pp,2,2,0,48,473,0
MOZILLA,modules/shared/manifests/init.pp,4,2,0,76,451,1
MOZILLA,modules/buildslave/manifests/startup/windows.pp,7,4,0,48,134.71428571428572,0
MOZILLA,modules/cruncher/manifests/init.pp,2,2,0,29,319,1
MOZILLA,modules/security/manifests/init.pp,3,2,0,43,270.6666666666667,1
MOZILLA,modules/pushapkworker/manifests/services.pp,1,1,0,25,0,0
MOZILLA,modules/nrpe/manifests/check/check_stop_idle.pp,2,2,0,53,555.5,0
MOZILLA,modules/dirs/manifests/init.pp,1,1,0,80,0,1
MOZILLA,modules/taskcluster_worker/manifests/init.pp,8,4,1,23,39.625,1
MOZILLA,modules/nrpe/manifests/check/puppet_freshness.pp,3,2,0,30,139.66666666666666,1
MOZILLA,modules/buildslave/manifests/install.pp,27,7,3,80,83.85185185185185,0
MOZILLA,modules/packages/manifests/nsis3_0b1.pp,2,2,1,40,87.5,0
MOZILLA,modules/balrog_scriptworker/manifests/init.pp,92,10,10,25,6.065217391304348,1
MOZILLA,modules/mergeday/manifests/init.pp,1,1,1,4,0,1
MOZILLA,modules/toplevel/manifests/init.pp,3,2,0,85,315,1
MOZILLA,modules/puppet/manifests/puppetize_sh.pp,9,3,1,78,205.88888888888889,0
MOZILLA,modules/puppetmaster/manifests/settings.pp,8,5,0,67,232.625,1
MOZILLA,modules/web_proxy/manifests/gui.pp,4,3,0,52,269.25,0
MOZILLA,modules/buildmaster/manifests/release_runner_access.pp,1,1,0,65,0,0
MOZILLA,modules/beetmover_scriptworker/manifests/init.pp,132,13,6,24,4.757575757575758,1
MOZILLA,modules/smarthost/manifests/install.pp,7,4,2,77,261.42857142857144,0
MOZILLA,modules/nxlog/manifests/init.pp,1,1,0,41,0,1
MOZILLA,modules/mercurial/manifests/init.pp,1,1,0,64,0,1
MOZILLA,modules/puppet/manifests/init.pp,8,1,1,87,130,1
MOZILLA,modules/packages/manifests/python_ldap.pp,2,2,0,51,522,0
MOZILLA,modules/slave_secrets/manifests/init.pp,15,8,0,59,85.6,1
MOZILLA,modules/python3/manifests/pip_check_py.pp,1,1,0,7,0,0
MOZILLA,modules/packages/manifests/logrotate.pp,4,3,0,73,427.25,0
MOZILLA,modules/python27/manifests/virtualenv.pp,12,2,5,11,14.416666666666666,1
MOZILLA,modules/buildduty_tools/manifests/install.pp,1,1,0,30,0,0
MOZILLA,modules/network/manifests/aws.pp,6,2,0,75,26.333333333333332,1
MOZILLA,modules/python27/manifests/pip_check_py.pp,1,1,1,11,0,0
MOZILLA,modules/diamond/manifests/service.pp,2,1,0,56,1,1
MOZILLA,modules/packages/manifests/nvidia_drivers.pp,10,7,3,68,155.8,1
MOZILLA,modules/packages/manifests/mozilla/osslsigncode.pp,4,4,0,49,248,1
MOZILLA,modules/acl/tests/init.pp,1,1,0,48,0,1
MOZILLA,modules/runner/manifests/tasks/cleanslate_task.pp,2,2,0,47,470,0
MOZILLA,modules/buildbot_bridge/manifests/services.pp,4,3,0,42,195,0
MOZILLA,modules/toplevel/manifests/base.pp,59,13,5,85,34.33898305084746,1
MOZILLA,modules/dirs/manifests/usr/local.pp,4,4,1,76,447.75,1
MOZILLA,modules/python/manifests/virtualenv/prerequisites.pp,9,5,0,80,250.44444444444446,0
MOZILLA,modules/httpd/manifests/config.pp,9,5,1,75,196.55555555555554,0
MOZILLA,modules/puppetmaster/manifests/hiera.pp,6,2,1,62,230.16666666666666,1
MOZILLA,modules/packages/manifests/dpkg.pp,3,2,0,50,336.3333333333333,0
MOZILLA,modules/puppetmaster/manifests/manifests.pp,9,3,0,67,206.77777777777777,1
MOZILLA,modules/web_proxy/manifests/init.pp,6,2,0,61,63.333333333333336,1
MOZILLA,modules/users/manifests/global.pp,29,9,3,80,66.65517241379311,1
MOZILLA,modules/ntp/manifests/daemon.pp,15,5,1,84,134.26666666666668,1
MOZILLA,modules/tweaks/manifests/vs_2013_lnk.pp,4,3,1,45,216.75,0
MOZILLA,modules/packages/manifests/dnsmasq.pp,2,2,0,51,518,0
MOZILLA,modules/python35/manifests/misc_python_dir.pp,2,2,0,27,156.5,0
MOZILLA,modules/pushapk_scriptworker/manifests/init.pp,66,6,6,21,6.651515151515151,1
MOZILLA,modules/puppet/manifests/motd.pp,3,3,0,69,523.6666666666666,1
MOZILLA,modules/runner/manifests/tasks/post_flight.pp,2,1,0,47,-1,0
MOZILLA,modules/python27/manifests/init.pp,1,1,1,11,0,1
MOZILLA,modules/mozpool/manifests/config.pp,5,1,0,72,62.8,0
MOZILLA,modules/releaserunner2/manifests/init.pp,1,1,0,13,0,1
MOZILLA,modules/bsdpy/manifests/instance.pp,3,1,2,2,0,1
MOZILLA,modules/releaserunner2/manifests/services.pp,2,2,1,13,17,0
MOZILLA,modules/python/manifests/virtualenv.pp,25,6,8,81,90.36,1
MOZILLA,modules/puppetmaster/manifests/puppetsync_user.pp,7,2,1,67,215.85714285714286,1
MOZILLA,modules/grub/manifests/defaults.pp,7,4,1,45,121.71428571428571,0
MOZILLA,modules/concat/manifests/setup.pp,11,2,1,76,48.90909090909091,1
MOZILLA,modules/packages/manifests/gdb.pp,5,3,2,56,238.8,1
MOZILLA,modules/hardware/manifests/highperformance.pp,5,4,1,52,211.8,0
MOZILLA,modules/cruncher/manifests/config.pp,1,1,0,29,0,0
MOZILLA,modules/nrpe/manifests/check/buildbot.pp,7,5,1,78,265.7142857142857,1
MOZILLA,modules/toplevel/manifests/server/puppetmaster.pp,7,6,1,75,251.14285714285714,0
MOZILLA,modules/packages/manifests/pkgexe.pp,2,2,0,51,525.5,0
MOZILLA,modules/runner/manifests/tasks/restart_services.pp,6,2,1,47,152.33333333333334,0
MOZILLA,modules/releaserunner2/manifests/settings.pp,1,1,0,13,0,1
MOZILLA,modules/puppetmaster/manifests/dirs.pp,4,2,0,67,378.5,0
MOZILLA,modules/puppet/manifests/periodic.pp,16,5,2,87,150.5,1
MOZILLA,modules/datadog_agent/manifests/params.pp,1,1,0,11,0,0
MOZILLA,modules/releaserunner/manifests/init.pp,31,9,6,64,56.83870967741935,1
MOZILLA,modules/toplevel/manifests/slave/releng/test.pp,28,12,2,53,41.57142857142857,1
MOZILLA,modules/collectd/manifests/plugins/df.pp,3,2,0,62,453,0
MOZILLA,modules/aws_manager/manifests/settings.pp,5,4,0,56,234,1
MOZILLA,modules/dirs/manifests/builds/logs.pp,6,5,1,76,304.1666666666667,0
MOZILLA,modules/pf/manifests/init.pp,6,2,1,16,9,1
MOZILLA,modules/proxxy/manifests/settings.pp,7,5,0,49,140.85714285714286,1
MOZILLA,modules/vmwaretools/manifests/init.pp,1,1,0,66,0,1
MOZILLA,modules/toplevel/manifests/slave.pp,32,7,0,85,71.96875,1
MOZILLA,modules/concat/spec/fixtures/manifests/site.pp,1,1,0,76,0,1
MOZILLA,modules/python/manifests/virtualenv/settings.pp,9,4,0,80,250.88888888888889,0
MOZILLA,manifests/relabs-config.pp,53,7,3,66,30.264150943396228,1
MOZILLA,modules/sudoers/manifests/init.pp,12,6,2,80,159.58333333333334,1
MOZILLA,modules/collectd/manifests/plugins/cpu.pp,1,1,0,41,0,0
MOZILLA,modules/toplevel/manifests/slave/build/mock.pp,13,8,0,78,57.23076923076923,1
MOZILLA,modules/talos/manifests/settings.pp,7,6,0,75,253.71428571428572,1
MOZILLA,modules/python27/manifests/virtualenv/prerequisites.pp,1,1,1,11,0,0
MOZILLA,modules/puppet/manifests/install.pp,3,1,1,87,60.666666666666664,0
MOZILLA,modules/collectd/manifests/settings.pp,12,2,0,65,120.91666666666667,1
MOZILLA,modules/needs_reboot/manifests/motd.pp,1,1,0,62,0,1
MOZILLA,modules/tweaks/manifests/filesystem.pp,5,1,1,53,1.2,1
MOZILLA,modules/packages/manifests/ia32libs.pp,7,5,1,69,225.71428571428572,1
MOZILLA,modules/nxlog/manifests/settings.pp,2,2,0,41,3.5,1
MOZILLA,modules/vmwaretools/manifests/params.pp,1,1,0,66,0,0
MOZILLA,modules/disableservices/manifests/disableupdates.pp,4,3,1,52,264.75,1
MOZILLA,modules/toplevel/manifests/slave/releng/test/gpu.pp,4,3,0,53,275,0
MOZILLA,modules/smarthost/manifests/daemon.pp,5,3,1,77,366.2,1
MOZILLA,modules/packages/manifests/yasm.pp,6,4,1,66,250.5,0
MOZILLA,modules/root/manifests/init.pp,3,1,0,87,0,1
MOZILLA,modules/cron/manifests/init.pp,3,3,1,61,515.6666666666666,1
MOZILLA,modules/tftpd/manifests/init.pp,6,5,1,73,283.8333333333333,1
MOZILLA,modules/disableservices/manifests/displaymanager.pp,4,3,1,70,400.75,1
MOZILLA,modules/python35/manifests/virtualenv.pp,9,3,4,27,69.22222222222223,1
MOZILLA,modules/shipit_scriptworker/manifests/settings.pp,12,4,3,9,12.416666666666666,1
MOZILLA,modules/packages/manifests/kernel.pp,6,3,3,45,144,1
MOZILLA,modules/supervisord/manifests/base.pp,7,4,0,76,257.85714285714283,1
MOZILLA,modules/users/manifests/settings.pp,1,1,0,77,0,1
MOZILLA,modules/packages/manifests/mod_passenger.pp,6,3,1,75,294.8333333333333,1
MOZILLA,modules/python27/manifests/virtualenv/settings.pp,4,2,1,11,43.5,0
MOZILLA,modules/packages/manifests/mysql_devel.pp,5,4,0,66,296.2,1
MOZILLA,modules/packages/manifests/mapi_headers.pp,3,2,0,52,359,0
MOZILLA,modules/yum-repo/manifests/init.pp,2,2,0,87,43.5,1
MOZILLA,modules/runner/manifests/tasks/buildbot.pp,10,5,1,51,105.4,0
MOZILLA,modules/vmwaretools/manifests/config.pp,1,1,0,66,0,0
MOZILLA,modules/aws/manifests/instance_storage.pp,3,3,0,55,388.3333333333333,0
MOZILLA,modules/disableservices/manifests/user.pp,4,3,1,50,255,1
MOZILLA,modules/fw/manifests/windows_exceptions.pp,3,2,0,48,196.33333333333334,1
MOZILLA,modules/packages/manifests/mozilla/python26.pp,9,4,1,78,204.77777777777777,0
MOZILLA,modules/toplevel/manifests/slave/releng/build/standard.pp,4,4,0,53,287.5,0
MOZILLA,modules/python35/manifests/user_pip_conf.pp,2,2,0,27,156.5,0
MOZILLA,modules/packages/manifests/mozilla/git_remote_hg.pp,4,3,0,50,256.75,0
MOZILLA,modules/bors/manifests/config.pp,4,3,0,66,373,0
MOZILLA,modules/toplevel/manifests/server.pp,43,13,2,85,55.25581395348837,1
MOZILLA,modules/tweaks/manifests/nofile.pp,3,3,0,80,640.3333333333334,1
MOZILLA,manifests/qa-config.pp,30,7,0,61,48.4,0
MOZILLA,modules/selfserve_agent/manifests/install.pp,26,9,1,60,62.88461538461539,0
MOZILLA,modules/packages/manifests/gcc.pp,3,3,0,68,522.6666666666666,0
MOZILLA,manifests/site.pp,38,7,2,87,61.526315789473685,1
MOZILLA,modules/runner/manifests/tasks/populate_shared_repos.pp,2,1,0,48,1,0
MOZILLA,modules/buildbot_bridge2/manifests/services.pp,3,3,0,18,116.33333333333333,0
MOZILLA,modules/packages/manifests/nslookup.pp,6,5,0,76,347.3333333333333,0
MOZILLA,modules/stdlib/tests/init.pp,1,1,0,65,0,1
MOZILLA,modules/addon_scriptworker/manifests/settings.pp,1,1,0,7,0,1
MOZILLA,modules/python27/manifests/virtualenv/package.pp,1,1,1,11,0,1
MOZILLA,modules/packages/manifests/mozilla/ccache.pp,4,3,1,66,373.75,0
MOZILLA,modules/clean/manifests/init.pp,3,1,0,75,247,1
MOZILLA,modules/signing_scriptworker/manifests/settings.pp,27,8,3,27,28.25925925925926,1
MOZILLA,modules/screenresolution/manifests/init.pp,6,4,0,66,255.5,1
MOZILLA,modules/packages/manifests/bridge-utils.pp,3,3,0,61,410.3333333333333,0
MOZILLA,modules/needs_reboot/manifests/init.pp,5,2,1,44,167,1
MOZILLA,modules/slaveapi/manifests/base.pp,3,3,0,62,456.6666666666667,1
MOZILLA,modules/bmm/manifests/httpd.pp,11,3,2,72,102.72727272727273,0
MOZILLA,modules/python3/manifests/virtualenv/settings.pp,3,1,0,7,16,0
MOZILLA,modules/clamav/manifests/daemon.pp,3,2,0,38,218.66666666666666,1
MOZILLA,site.pp,1,1,0,87,0,1
MOZILLA,modules/toplevel/manifests/server/slaveapi.pp,4,3,0,62,339.75,0
MOZILLA,modules/dirs/manifests/builds/slave.pp,7,4,1,80,273.57142857142856,0
MOZILLA,modules/buildslave/manifests/install/version.pp,19,6,0,80,64.26315789473684,0
MOZILLA,modules/ssh/manifests/keys.pp,52,16,6,75,33.5,1
MOZILLA,modules/windows_path/manifests/init.pp,1,1,0,45,0,1
MOZILLA,modules/signing_scriptworker/manifests/init.pp,127,11,13,27,5.7795275590551185,1
MOZILLA,modules/disableservices/manifests/winreport.pp,5,4,1,52,211.6,0
MOZILLA,modules/bouncer_check/manifests/init.pp,9,4,0,60,182.33333333333334,1
MOZILLA,modules/config/manifests/base.pp,118,23,3,67,16.11864406779661,1
MOZILLA,modules/packages/manifests/tzdata.pp,6,3,0,74,335.8333333333333,0
MOZILLA,modules/shipit_notifier/manifests/services.pp,2,2,1,50,230.5,0
MOZILLA,modules/puppetmaster/manifests/service.pp,3,2,0,75,53.333333333333336,1
MOZILLA,modules/releaserunner3/manifests/init.pp,8,3,2,12,40.375,1
MOZILLA,modules/packages/manifests/mozilla/signing_test_files.pp,5,4,0,64,288,0
MOZILLA,modules/tweaks/manifests/cleanup.pp,8,2,0,70,27.875,0
MOZILLA,modules/puppet/manifests/cleanup.pp,1,1,0,52,0,0
MOZILLA,modules/bmm/manifests/init.pp,5,3,0,72,175.4,1
MOZILLA,modules/slave_secrets/manifests/ceph_config.pp,9,4,0,55,131,1
MOZILLA,modules/firewall/manifests/windows_exceptions.pp,2,1,0,52,3,1
MOZILLA,modules/foopy/manifests/init.pp,24,7,5,76,52,1
MOZILLA,modules/nrpe/manifests/plugin.pp,9,3,2,78,208.33333333333334,0
MOZILLA,modules/users/manifests/builder/autologin.pp,15,5,1,76,118.6,1
MOZILLA,modules/balrog_scriptworker/manifests/services.pp,3,1,0,25,34.333333333333336,0
MOZILLA,modules/python3/manifests/virtualenv.pp,5,2,2,7,9.6,1
MOZILLA,modules/puppetmaster/manifests/ssl.pp,7,3,1,67,216.14285714285714,1
MOZILLA,modules/collectd/manifests/plugins/aggregation.pp,2,2,1,57,336,0
MOZILLA,modules/aws_manager/manifests/crontask.pp,7,4,1,56,167,1
MOZILLA,modules/ssh/manifests/user_privkey.pp,3,3,0,59,429.6666666666667,0
MOZILLA,modules/collectd/manifests/plugins/ethstat.pp,2,2,0,57,713,0
MOZILLA,modules/shipit_scriptworker/manifests/init.pp,14,4,1,9,8.928571428571429,1
MOZILLA,modules/ganglia/manifests/install.pp,1,1,0,67,0,0
MOZILLA,modules/mozpool/manifests/init.pp,7,1,1,72,13,1
MOZILLA,modules/acl/manifests/init.pp,1,1,0,48,0,1
MOZILLA,modules/puppetmaster/manifests/httpd.pp,7,2,1,67,215.85714285714286,0
MOZILLA,modules/packages/manifests/init.pp,1,1,0,87,0,1
MOZILLA,modules/packages/manifests/openssl.pp,22,7,1,64,86.81818181818181,0
MOZILLA,modules/mercurial/manifests/ext/common.pp,4,3,0,40,179.25,0
MOZILLA,modules/nrpe/manifests/base.pp,10,6,0,78,224.4,1
MOZILLA,modules/packages/manifests/environment.pp,1,1,0,80,0,1
MOZILLA,modules/nrpe/manifests/check/mysql.pp,6,4,0,78,310,1
MOZILLA,modules/nrpe/manifests/settings.pp,8,3,1,78,232.25,1
MOZILLA,modules/puppetmaster/manifests/config.pp,12,5,3,75,146.91666666666666,0
MOZILLA,modules/toplevel/manifests/slave/releng/build/mock.pp,20,8,0,53,49.4,1
MOZILLA,modules/shipit_notifier/manifests/init.pp,4,2,2,50,28.75,1
MOZILLA,modules/packages/manifests/mozilla/mig_agent.pp,21,7,2,51,69.71428571428571,1
MOZILLA,modules/users/manifests/deploystudio.pp,3,2,0,46,296,1
MOZILLA,modules/bors/manifests/install.pp,3,3,0,66,497.3333333333333,0
MOZILLA,modules/slave_secrets/manifests/google_api_key.pp,3,2,0,59,429.3333333333333,0
MOZILLA,modules/duo/manifests/init.pp,2,2,0,16,3.5,1
MOZILLA,modules/packages/manifests/puppet.pp,38,6,3,76,47.73684210526316,1
MOZILLA,modules/shared/manifests/execonce.pp,4,2,1,52,265.75,1
MOZILLA,modules/shipit_notifier/manifests/settings.pp,2,2,1,50,230.5,1
MOZILLA,modules/packages/manifests/mozilla/supervisor.pp,7,2,0,75,191.85714285714286,0
MOZILLA,modules/buildbot_bridge/manifests/settings.pp,3,2,0,42,260,1
MOZILLA,modules/packages/manifests/mozilla/python27.pp,47,12,7,78,45.808510638297875,1
MOZILLA,modules/scriptworker/manifests/init.pp,1,1,0,23,0,1
MOZILLA,modules/fw/manifests/windows_settings.pp,3,2,0,48,315,1
MOZILLA,modules/mozpool/manifests/settings.pp,32,1,1,72,18.375,1
MOZILLA,modules/packages/manifests/yumrepo.pp,10,3,0,84,202.4,0
MOZILLA,modules/users/manifests/signer/account.pp,9,4,3,64,163,1
MOZILLA,modules/toplevel/manifests/worker/releng/taskcluster_worker/test/gpu.pp,2,2,0,19,37,0
MOZILLA,modules/sudoers/manifests/settings.pp,10,6,2,77,181.2,1
MOZILLA,modules/packages/manifests/libc.pp,11,5,1,45,104.63636363636364,0
MOZILLA,modules/rdp/manifests/init.pp,1,1,0,48,0,1
MOZILLA,modules/generic_worker/manifests/init.pp,13,5,4,19,42.15384615384615,1
MOZILLA,modules/signingserver/manifests/instance.pp,33,11,3,64,55.60606060606061,1
MOZILLA,modules/buildmaster/manifests/init.pp,4,4,0,68,506.75,1
MOZILLA,modules/firewall/manifests/init.pp,2,2,0,65,714,1
MOZILLA,modules/vmwaretools/manifests/install.pp,1,1,0,66,0,0
MOZILLA,modules/packages/manifests/gnupg.pp,4,2,0,64,359.75,0
MOZILLA,modules/runner/manifests/tasks/config_mockbuild.pp,3,2,0,50,341,0
MOZILLA,modules/tweaks/manifests/windows_activation.pp,2,2,0,48,476,0
MOZILLA,modules/python35/manifests/pip_check_py.pp,4,3,0,27,78.25,0
MOZILLA,modules/bacula_client/manifests/init.pp,8,4,0,44,119.75,1
MOZILLA,modules/diamond/manifests/settings.pp,1,1,0,56,0,1
MOZILLA,modules/auditd/manifests/init.pp,5,2,2,48,190,1
MOZILLA,modules/users/manifests/root/account.pp,17,6,3,76,106.41176470588235,1
MOZILLA,modules/cleanslate/manifests/settings.pp,3,3,0,47,310.6666666666667,1
MOZILLA,modules/transparency_scriptworker/manifests/settings.pp,3,2,0,15,76.33333333333333,1
MOZILLA,modules/users/manifests/signer/setup.pp,5,3,0,64,287.6,0
MOZILLA,manifests/moco-nodes.pp,519,34,22,67,3.445086705202312,1
MOZILLA,modules/rsyslog/manifests/config.pp,8,4,0,73,214,0
MOZILLA,manifests/qa-nodes.pp,12,3,0,61,112.16666666666667,1
MOZILLA,modules/runner/manifests/tasks/update_shared_repos.pp,5,2,2,53,5.6,1
MOZILLA,modules/firewall/manifests/windows_settings.pp,3,1,0,52,3,1
MOZILLA,modules/jacuzzi_metadata/manifests/disable.pp,4,3,1,55,291.75,0
MOZILLA,modules/toplevel/manifests/worker/releng/generic_worker/test/gpu.pp,2,2,0,19,37,0
MOZILLA,modules/hardware/manifests/ipmitool.pp,4,2,0,52,269.25,1
MOZILLA,modules/buildslave/manifests/startup/runner.pp,21,6,1,51,49.476190476190474,0
MOZILLA,modules/slaverebooter/manifests/settings.pp,2,2,0,58,631,1
MOZILLA,modules/users/manifests/builder.pp,29,10,1,85,78.55172413793103,1
MOZILLA,modules/packages/manifests/xcode.pp,13,7,2,66,116.84615384615384,0
MOZILLA,modules/yum-repo/manifests/base.pp,1,1,0,87,0,1
MOZILLA,modules/sshd/manifests/init.pp,2,2,0,76,9,1
MOZILLA,modules/python/manifests/misc_python_dir.pp,4,2,0,80,480.75,0
MOZILLA,modules/slaverebooter/manifests/init.pp,11,3,1,58,143.72727272727272,1
MOZILLA,modules/network/manifests/init.pp,16,7,0,80,119.5625,1
MOZILLA,modules/talos/manifests/init.pp,48,10,5,75,36.625,1
MOZILLA,modules/httpd/manifests/settings.pp,6,5,0,75,295,1
MOZILLA,modules/gui/manifests/appearance.pp,10,5,2,68,155.3,1
MOZILLA,modules/toplevel/manifests/slave/build/standard.pp,4,2,0,66,94.75,0
MOZILLA,modules/packages/manifests/gstreamer.pp,6,5,1,65,244.83333333333334,0
MOZILLA,modules/cleanslate/manifests/init.pp,10,5,0,47,125.8,1
MOZILLA,modules/puppet/manifests/atboot.pp,42,8,6,84,56.76190476190476,1
MOZILLA,modules/mockbuild/manifests/services.pp,5,5,1,75,349.4,0
MOZILLA,modules/slaveapi/manifests/instance.pp,53,10,6,62,31.58490566037736,1
MOZILLA,modules/mercurial/manifests/settings.pp,8,3,1,40,126.25,1
MOZILLA,modules/log_aggregator/manifests/client.pp,17,7,0,49,65.41176470588235,1
MOZILLA,modules/packages/manifests/bacula_enterprise_client.pp,10,5,0,44,94.4,0
MOZILLA,modules/buildmaster/manifests/buildbot_master/simple.pp,6,4,0,66,301,0
MOZILLA,modules/l10n_bumper/manifests/settings.pp,2,2,0,20,61.5,1
MOZILLA,modules/collectd/manifests/plugins/statsd.pp,3,3,1,41,62,0
MOZILLA,modules/ssh/manifests/setup.pp,2,2,0,76,12.5,1
MOZILLA,modules/packages/manifests/postfix.pp,9,4,3,75,196.44444444444446,0
MOZILLA,modules/tweaks/manifests/windows_network_opt_registry.pp,6,3,2,41,122.33333333333333,1
MOZILLA,modules/selfserve_agent/manifests/services.pp,5,4,1,60,264.2,0
MOZILLA,modules/toplevel/manifests/server/signing.pp,30,9,2,64,62.96666666666667,1
MOZILLA,modules/instance_metadata/manifests/disable.pp,2,2,0,56,599,0
MOZILLA,modules/nightlypromotion/manifests/settings.pp,2,1,0,36,5,1
MOZILLA,modules/packages/manifests/packagemaker.pp,6,3,2,64,244.5,0
MOZILLA,modules/python27/manifests/misc_python_dir.pp,1,1,1,11,0,0
MOZILLA,modules/buildbot_bridge2/manifests/settings.pp,2,2,0,18,27,1
MOZILLA,modules/dirs/manifests/etc.pp,3,2,1,48,315.3333333333333,0
MOZILLA,modules/runner/manifests/settings.pp,21,8,2,53,51.95238095238095,1
MOZILLA,modules/packages/manifests/ntp.pp,9,6,0,84,224.44444444444446,1
MOZILLA,modules/rsyslog/manifests/init.pp,8,5,1,73,214.125,1
MOZILLA,modules/toplevel/manifests/slave/qa.pp,11,4,0,53,99.81818181818181,1
MOZILLA,modules/mozpool/manifests/inventorysync.pp,6,2,0,72,151.66666666666666,0
MOZILLA,modules/mozpool/manifests/dbcron.pp,5,1,0,71,123.6,1
MOZILLA,modules/shared/manifests/builder.pp,3,1,0,76,0,1
MOZILLA,modules/nxlog/manifests/svc.pp,2,2,0,41,3.5,0
MOZILLA,modules/aws_manager/manifests/secrets.pp,8,2,0,56,146,0
