Path,File,contributers,top,major,minor
mozilla-releng_build-puppet,site.pp,1,1.0,1,0
mozilla-releng_build-puppet,manifests/site.pp,7,0.7105263157894737,4,3
mozilla-releng_build-puppet,manifests/nodes/abstract.pp,1,1.0,1,0
mozilla-releng_build-puppet,manifests/nodes/buildservices.pp,1,1.0,1,0
mozilla-releng_build-puppet,manifests/secrets.pp,1,1.0,1,0
mozilla-releng_build-puppet,modules/puppet/manifests/init.pp,1,1.0,1,0
mozilla-releng_build-puppet,modules/puppet/manifests/install.pp,1,1.0,1,0
mozilla-releng_build-puppet,modules/puppet/manifests/config.pp,5,0.6363636363636364,5,0
mozilla-releng_build-puppet,modules/puppet/manifests/periodic.pp,5,0.75,5,0
mozilla-releng_build-puppet,manifests/settings.pp,2,0.6,2,0
mozilla-releng_build-puppet,manifests/stages.pp,2,0.8,2,0
mozilla-releng_build-puppet,modules/packages/manifests/init.pp,1,1.0,1,0
mozilla-releng_build-puppet,modules/packages/manifests/setup.pp,23,0.3087557603686636,7,16
mozilla-releng_build-puppet,modules/yum-repo/manifests/base.pp,1,1.0,1,0
mozilla-releng_build-puppet,modules/yum-repo/manifests/dir.pp,1,1.0,1,0
mozilla-releng_build-puppet,modules/yum-repo/manifests/epel.pp,1,1.0,1,0
mozilla-releng_build-puppet,modules/yum-repo/manifests/init.pp,2,0.5,2,0
mozilla-releng_build-puppet,modules/yum-repo/manifests/releng-public.pp,1,1.0,1,0
mozilla-releng_build-puppet,modules/yum-repo/manifests/updates.pp,1,1.0,1,0
mozilla-releng_build-puppet,modules/root/manifests/init.pp,1,1.0,1,0
mozilla-releng_build-puppet,manifests/nodes/test.pp,1,1.0,1,0
mozilla-releng_build-puppet,manifests/nodes/slaves.pp,1,1.0,1,0
mozilla-releng_build-puppet,manifests/nodes.pp,9,0.7534246575342466,3,6
mozilla-releng_build-puppet,modules/toplevel/manifests/base.pp,13,0.559322033898305,5,8
mozilla-releng_build-puppet,modules/toplevel/manifests/init.pp,2,0.6666666666666666,2,0
mozilla-releng_build-puppet,modules/toplevel/manifests/server.pp,13,0.3488372093023256,4,9
mozilla-releng_build-puppet,modules/toplevel/manifests/slave.pp,7,0.5,5,2
mozilla-releng_build-puppet,modules/users/manifests/root.pp,6,0.7222222222222222,6,0
mozilla-releng_build-puppet,modules/users/manifests/init.pp,1,1.0,1,0
mozilla-releng_build-puppet,modules/users/manifests/builder.pp,10,0.3793103448275862,5,5
mozilla-releng_build-puppet,modules/puppet/manifests/atboot.pp,8,0.5,6,2
mozilla-releng_build-puppet,modules/packages/manifests/yumrepo.pp,3,0.7,3,0
mozilla-releng_build-puppet,modules/config/manifests/init.pp,5,0.4444444444444444,5,0
mozilla-releng_build-puppet,modules/toplevel/manifests/slave/build.pp,9,0.375,5,4
mozilla-releng_build-puppet,modules/toplevel/manifests/slave/test.pp,5,0.5555555555555556,5,0
mozilla-releng_build-puppet,modules/ntp/manifests/daemon.pp,5,0.6,5,0
mozilla-releng_build-puppet,modules/ntp/manifests/init.pp,1,1.0,1,0
mozilla-releng_build-puppet,modules/packages/manifests/ntp.pp,6,0.2222222222222222,6,0
mozilla-releng_build-puppet,modules/ntp/manifests/atboot.pp,8,0.18181818181818182,8,0
mozilla-releng_build-puppet,modules/config/manifests/secrets.pp,5,0.6428571428571429,5,0
mozilla-releng_build-puppet,modules/sysctl/manifests/value.pp,3,0.5,3,0
mozilla-releng_build-puppet,modules/tweaks/manifests/dev-ptmx.pp,1,1.0,1,0
mozilla-releng_build-puppet,modules/tweaks/manifests/init.pp,1,1.0,1,0
mozilla-releng_build-puppet,modules/python/manifests/init.pp,2,0.75,2,0
mozilla-releng_build-puppet,modules/python/manifests/virtualenv.pp,6,0.44,3,3
mozilla-releng_build-puppet,modules/packages/manifests/mozilla-tools.pp,2,0.7,2,0
mozilla-releng_build-puppet,modules/dirs/manifests/init.pp,1,1.0,1,0
mozilla-releng_build-puppet,modules/dirs/manifests/tools.pp,4,0.4,4,0
mozilla-releng_build-puppet,modules/python/manifests/misc_python_dir.pp,2,0.75,2,0
mozilla-releng_build-puppet,modules/python/manifests/misc_python_file.pp,4,0.4,4,0
mozilla-releng_build-puppet,modules/python/manifests/pip_check_py.pp,3,0.7142857142857143,3,0
mozilla-releng_build-puppet,modules/python/manifests/virtualenv/package.pp,5,0.5833333333333334,5,0
mozilla-releng_build-puppet,modules/python/manifests/virtualenv/prerequisites.pp,5,0.5555555555555556,5,0
mozilla-releng_build-puppet,modules/python/manifests/virtualenv/settings.pp,4,0.4444444444444444,4,0
mozilla-releng_build-puppet,modules/dirs/manifests/builds.pp,2,0.75,2,0
mozilla-releng_build-puppet,modules/dirs/manifests/builds/hg-shared.pp,1,1.0,1,0
mozilla-releng_build-puppet,modules/dirs/manifests/builds/slave.pp,4,0.5714285714285714,4,0
mozilla-releng_build-puppet,modules/packages/manifests/python.pp,1,1.0,1,0
mozilla-releng_build-puppet,modules/packages/manifests/python26.pp,1,1.0,1,0
mozilla-releng_build-puppet,modules/packages/manifests/python27.pp,1,1.0,1,0
mozilla-releng_build-puppet,modules/buildslave/manifests/init.pp,2,0.8333333333333334,2,0
mozilla-releng_build-puppet,modules/buildslave/manifests/install.pp,7,0.4074074074074074,4,3
mozilla-releng_build-puppet,modules/buildslave/manifests/install/version.pp,6,0.3684210526315789,6,0
mozilla-releng_build-puppet,modules/buildslave/manifests/startup.pp,7,0.5454545454545454,2,5
mozilla-releng_build-puppet,modules/tweaks/manifests/nofile.pp,3,0.3333333333333333,3,0
mozilla-releng_build-puppet,modules/network/manifests/init.pp,7,0.5625,7,0
mozilla-releng_build-puppet,modules/sudoers/manifests/init.pp,6,0.5,6,0
mozilla-releng_build-puppet,modules/packages/manifests/environment.pp,1,1.0,1,0
mozilla-releng_build-puppet,modules/users/manifests/global.pp,9,0.6206896551724138,3,6
mozilla-releng_build-puppet,modules/packages/manifests/tooltool.pp,1,1.0,1,0
mozilla-releng_build-puppet,modules/packages/manifests/yum_config.pp,2,0.6666666666666666,2,0
mozilla-releng_build-puppet,modules/sudoers/manifests/custom.pp,4,0.5714285714285714,4,0
mozilla-releng_build-puppet,modules/sudoers/manifests/reboot.pp,6,0.46153846153846156,6,0
mozilla-releng_build-puppet,modules/nrpe/manifests/base.pp,6,0.4,6,0
mozilla-releng_build-puppet,modules/nrpe/manifests/check.pp,3,0.6,3,0
mozilla-releng_build-puppet,modules/nrpe/manifests/check/buildbot.pp,5,0.42857142857142855,5,0
mozilla-releng_build-puppet,modules/nrpe/manifests/check/child_procs_regex.pp,2,0.6666666666666666,2,0
mozilla-releng_build-puppet,modules/nrpe/manifests/check/ganglia.pp,1,1.0,1,0
mozilla-releng_build-puppet,modules/nrpe/manifests/check/http_redirect_ip.pp,2,0.6666666666666666,2,0
mozilla-releng_build-puppet,modules/nrpe/manifests/check/ide_smart.pp,3,0.5,3,0
mozilla-releng_build-puppet,modules/nrpe/manifests/check/mysql.pp,4,0.5,4,0
mozilla-releng_build-puppet,modules/nrpe/manifests/check/ntp_time.pp,2,0.6666666666666666,2,0
mozilla-releng_build-puppet,modules/nrpe/manifests/check/procs_regex.pp,2,0.6666666666666666,2,0
mozilla-releng_build-puppet,modules/nrpe/manifests/check/swap.pp,2,0.6666666666666666,2,0
mozilla-releng_build-puppet,modules/nrpe/manifests/checks.pp,1,1.0,1,0
mozilla-releng_build-puppet,modules/nrpe/manifests/init.pp,1,1.0,1,0
mozilla-releng_build-puppet,modules/nrpe/manifests/install.pp,2,0.6666666666666666,2,0
mozilla-releng_build-puppet,modules/nrpe/manifests/plugin.pp,3,0.5555555555555556,3,0
mozilla-releng_build-puppet,modules/nrpe/manifests/service.pp,4,0.6666666666666666,4,0
mozilla-releng_build-puppet,modules/nrpe/manifests/settings.pp,3,0.75,3,0
mozilla-releng_build-puppet,modules/toplevel/manifests/server/master.pp,2,0.75,2,0
mozilla-releng_build-puppet,modules/puppet/manifests/puppetize_sh.pp,3,0.7777777777777778,3,0
mozilla-releng_build-puppet,modules/python/manifests/user_pip_conf.pp,4,0.6666666666666666,4,0
mozilla-releng_build-puppet,modules/packages/manifests/mock.pp,3,0.6,3,0
mozilla-releng_build-puppet,modules/packages/manifests/mozilla/git.pp,12,0.2692307692307692,4,8
mozilla-releng_build-puppet,modules/packages/manifests/mozilla/mock_mozilla.pp,4,0.5714285714285714,4,0
mozilla-releng_build-puppet,modules/packages/manifests/mozilla/py27_mercurial.pp,17,0.1875,7,10
mozilla-releng_build-puppet,modules/packages/manifests/mozilla/py27_virtualenv.pp,7,0.5,7,0
mozilla-releng_build-puppet,modules/packages/manifests/mozilla/python26.pp,4,0.6666666666666666,4,0
mozilla-releng_build-puppet,modules/packages/manifests/mozilla/python27.pp,12,0.3617021276595745,5,7
mozilla-releng_build-puppet,modules/packages/manifests/mozilla/tooltool.pp,6,0.5833333333333334,6,0
mozilla-releng_build-puppet,modules/toplevel/manifests/slave/build/mock.pp,8,0.3076923076923077,8,0
mozilla-releng_build-puppet,modules/ccache/manifests/ccache_dir.pp,3,0.5,3,0
mozilla-releng_build-puppet,modules/packages/manifests/ccache.pp,3,0.5,3,0
mozilla-releng_build-puppet,modules/packages/manifests/editors.pp,6,0.4,6,0
mozilla-releng_build-puppet,modules/smarthost/manifests/daemon.pp,3,0.6,3,0
mozilla-releng_build-puppet,modules/smarthost/manifests/init.pp,4,0.5,4,0
mozilla-releng_build-puppet,modules/smarthost/manifests/install.pp,4,0.42857142857142855,4,0
mozilla-releng_build-puppet,modules/smarthost/manifests/setup.pp,4,0.5714285714285714,4,0
mozilla-releng_build-puppet,modules/disableservices/manifests/common.pp,10,0.3409090909090909,6,4
mozilla-releng_build-puppet,modules/disableservices/manifests/server.pp,4,0.4,4,0
mozilla-releng_build-puppet,modules/disableservices/manifests/slave.pp,6,0.2222222222222222,6,0
mozilla-releng_build-puppet,modules/packages/manifests/sudo.pp,4,0.3333333333333333,4,0
mozilla-releng_build-puppet,modules/sudoers/manifests/settings.pp,6,0.3,6,0
mozilla-releng_build-puppet,modules/users/manifests/settings.pp,1,1.0,1,0
mozilla-releng_build-puppet,modules/osxutils/manifests/defaults.pp,4,0.42857142857142855,4,0
mozilla-releng_build-puppet,modules/osxutils/manifests/systemsetup.pp,4,0.25,4,0
mozilla-releng_build-puppet,modules/powermanagement/manifests/init.pp,2,0.5,2,0
mozilla-releng_build-puppet,modules/powermanagement/manifests/setup.pp,5,0.5833333333333334,5,0
mozilla-releng_build-puppet,modules/mockbuild/manifests/init.pp,8,0.2,8,0
mozilla-releng_build-puppet,modules/packages/manifests/supervisord.pp,1,1.0,1,0
mozilla-releng_build-puppet,modules/supervisord/manifests/base.pp,4,0.5714285714285714,4,0
mozilla-releng_build-puppet,modules/supervisord/manifests/supervise.pp,4,0.375,4,0
mozilla-releng_build-puppet,modules/concat/manifests/fragment.pp,1,1.0,1,0
mozilla-releng_build-puppet,modules/concat/manifests/init.pp,2,0.875,2,0
mozilla-releng_build-puppet,modules/concat/manifests/setup.pp,2,0.9090909090909091,2,0
mozilla-releng_build-puppet,modules/concat/spec/fixtures/manifests/site.pp,1,1.0,1,0
mozilla-releng_build-puppet,modules/foopy/manifests/init.pp,7,0.5,4,3
mozilla-releng_build-puppet,modules/foopy/manifests/repos.pp,4,0.4,4,0
mozilla-releng_build-puppet,modules/packages/manifests/net-snmp-utils.pp,3,0.3333333333333333,3,0
mozilla-releng_build-puppet,modules/packages/manifests/nslookup.pp,5,0.3333333333333333,5,0
mozilla-releng_build-puppet,modules/packages/manifests/rsync.pp,4,0.25,4,0
mozilla-releng_build-puppet,modules/packages/manifests/screen.pp,5,0.5,5,0
mozilla-releng_build-puppet,modules/packages/manifests/unzip.pp,6,0.25,6,0
mozilla-releng_build-puppet,modules/toplevel/manifests/server/foopy.pp,3,0.5,3,0
mozilla-releng_build-puppet,modules/motd/manifests/base.pp,5,0.6363636363636364,5,0
mozilla-releng_build-puppet,modules/motd/manifests/init.pp,2,0.8333333333333334,2,0
mozilla-releng_build-puppet,modules/shared/manifests/init.pp,2,0.75,2,0
mozilla-releng_build-puppet,modules/packages/manifests/diffutils.pp,3,0.625,3,0
mozilla-releng_build-puppet,modules/packages/manifests/puppet.pp,6,0.8421052631578947,2,4
mozilla-releng_build-puppet,modules/dirs/manifests/builds/logs.pp,5,0.3333333333333333,5,0
mozilla-releng_build-puppet,modules/dirs/manifests/usr/local.pp,4,0.25,4,0
mozilla-releng_build-puppet,modules/dirs/manifests/usr/local/bin.pp,4,0.5,4,0
mozilla-releng_build-puppet,modules/shared/manifests/builder.pp,1,1.0,1,0
mozilla-releng_build-puppet,modules/packages/manifests/pkgdmg.pp,4,0.6666666666666666,4,0
mozilla-releng_build-puppet,modules/packages/manifests/mozilla/screenresolution.pp,5,0.6666666666666666,5,0
mozilla-releng_build-puppet,modules/ganglia/manifests/config-moco.pp,2,0.5,2,0
mozilla-releng_build-puppet,modules/ganglia/manifests/init.pp,3,0.5714285714285714,3,0
mozilla-releng_build-puppet,modules/packages/manifests/ganglia.pp,3,0.5,3,0
mozilla-releng_build-puppet,modules/ssh/manifests/common_known_hosts.pp,4,0.25,4,0
mozilla-releng_build-puppet,modules/ssh/manifests/known_host.pp,2,0.5,2,0
mozilla-releng_build-puppet,modules/ssh/manifests/setup.pp,2,0.5,2,0
mozilla-releng_build-puppet,modules/buildslave/manifests/startup/initd.pp,3,0.5714285714285714,3,0
mozilla-releng_build-puppet,modules/buildslave/manifests/startup/launchd.pp,3,0.5,3,0
mozilla-releng_build-puppet,modules/packages/manifests/wget.pp,8,0.375,8,0
mozilla-releng_build-puppet,modules/users/manifests/builder/account.pp,10,0.56,2,8
mozilla-releng_build-puppet,modules/users/manifests/root/account.pp,6,0.7058823529411765,6,0
mozilla-releng_build-puppet,modules/users/manifests/builder/autologin.pp,5,0.4666666666666667,5,0
mozilla-releng_build-puppet,modules/vnc/manifests/init.pp,8,0.5,8,0
mozilla-releng_build-puppet,modules/screenresolution/manifests/talos.pp,3,0.5,3,0
mozilla-releng_build-puppet,modules/sshd/manifests/init.pp,2,0.5,2,0
mozilla-releng_build-puppet,modules/sshd/manifests/service.pp,2,0.6666666666666666,2,0
mozilla-releng_build-puppet,modules/httpd/manifests/config.pp,5,0.4444444444444444,5,0
mozilla-releng_build-puppet,modules/httpd/manifests/init.pp,7,0.35714285714285715,7,0
mozilla-releng_build-puppet,modules/httpd/manifests/settings.pp,5,0.3333333333333333,5,0
mozilla-releng_build-puppet,modules/packages/manifests/httpd.pp,6,0.2857142857142857,6,0
mozilla-releng_build-puppet,modules/talos/manifests/init.pp,10,0.3125,6,4
mozilla-releng_build-puppet,modules/talos/manifests/settings.pp,6,0.2857142857142857,6,0
mozilla-releng_build-puppet,modules/users/manifests/builder/setup.pp,6,0.5789473684210527,6,0
mozilla-releng_build-puppet,modules/users/manifests/root/setup.pp,5,0.6190476190476191,3,2
mozilla-releng_build-puppet,modules/vnc/manifests/appearence.pp,1,1.0,1,0
mozilla-releng_build-puppet,modules/vnc/manifests/appearance.pp,4,0.25,4,0
mozilla-releng_build-puppet,modules/packages/manifests/mailx.pp,5,0.5,5,0
mozilla-releng_build-puppet,modules/packages/manifests/postfix.pp,4,0.5555555555555556,4,0
mozilla-releng_build-puppet,modules/clean/manifests/appstate.pp,4,0.3333333333333333,4,0
mozilla-releng_build-puppet,modules/clean/manifests/init.pp,1,1.0,1,0
mozilla-releng_build-puppet,modules/network/manifests/aws.pp,2,0.8333333333333334,2,0
mozilla-releng_build-puppet,modules/packages/manifests/mercurial.pp,4,0.42857142857142855,4,0
mozilla-releng_build-puppet,modules/packages/manifests/mod_passenger.pp,3,0.5,3,0
mozilla-releng_build-puppet,modules/packages/manifests/mod_ssl.pp,3,0.5,3,0
mozilla-releng_build-puppet,modules/packages/manifests/puppetserver.pp,3,0.5714285714285714,3,0
mozilla-releng_build-puppet,modules/puppetmaster/manifests/config.pp,5,0.5833333333333334,5,0
mozilla-releng_build-puppet,modules/puppetmaster/manifests/init.pp,3,0.75,3,0
mozilla-releng_build-puppet,modules/puppetmaster/manifests/install.pp,5,0.4375,5,0
mozilla-releng_build-puppet,modules/puppetmaster/manifests/service.pp,2,0.6666666666666666,2,0
mozilla-releng_build-puppet,modules/puppetmaster/manifests/standalone.pp,2,0.6,2,0
mozilla-releng_build-puppet,modules/puppetmaster/manifests/sync_data.pp,2,0.5,2,0
mozilla-releng_build-puppet,modules/puppetmaster/manifests/update_crl.pp,2,0.75,2,0
mozilla-releng_build-puppet,modules/toplevel/manifests/server/puppetmaster.pp,6,0.2857142857142857,6,0
mozilla-releng_build-puppet,modules/toplevel/manifests/server/puppetmaster/standalone.pp,2,0.75,2,0
mozilla-releng_build-puppet,modules/disableservices/manifests/iptables.pp,4,0.25,4,0
mozilla-releng_build-puppet,modules/packages/manifests/alsa.pp,4,0.25,4,0
mozilla-releng_build-puppet,modules/packages/manifests/gtk2.pp,4,0.25,4,0
mozilla-releng_build-puppet,modules/packages/manifests/pango.pp,4,0.25,4,0
mozilla-releng_build-puppet,modules/packages/manifests/telnet.pp,4,0.25,4,0
mozilla-releng_build-puppet,modules/packages/manifests/x_libs.pp,5,0.2,5,0
mozilla-releng_build-puppet,modules/ssh/manifests/config.pp,7,0.47368421052631576,7,0
mozilla-releng_build-puppet,modules/ssh/manifests/init.pp,1,1.0,1,0
mozilla-releng_build-puppet,modules/ssh/manifests/keys.pp,16,0.36538461538461536,5,11
mozilla-releng_build-puppet,modules/ssh/manifests/service.pp,4,0.6666666666666666,4,0
mozilla-releng_build-puppet,modules/ssh/manifests/settings.pp,3,0.8,3,0
mozilla-releng_build-puppet,modules/ssh/manifests/userconfig.pp,5,0.6666666666666666,5,0
mozilla-releng_build-puppet,modules/hardware/manifests/init.pp,7,0.5714285714285714,3,4
mozilla-releng_build-puppet,modules/nrpe/manifests/check/hpasm.pp,3,0.5,3,0
mozilla-releng_build-puppet,modules/nrpe/manifests/check/hplog.pp,3,0.5,3,0
mozilla-releng_build-puppet,modules/packages/manifests/hp_health.pp,3,0.6666666666666666,3,0
mozilla-releng_build-puppet,modules/packages/manifests/mozilla/supervisor.pp,2,0.7142857142857143,2,0
mozilla-releng_build-puppet,modules/mockbuild/manifests/services.pp,5,0.2,5,0
mozilla-releng_build-puppet,modules/packages/manifests/xvfb.pp,3,0.5,3,0
mozilla-releng_build-puppet,modules/packages/manifests/openipmi.pp,5,0.5,5,0
mozilla-releng_build-puppet,modules/packages/manifests/tzdata.pp,3,0.3333333333333333,3,0
mozilla-releng_build-puppet,modules/timezone/manifests/init.pp,5,0.4,5,0
mozilla-releng_build-puppet,modules/packages/manifests/xcode_cmdline_tools.pp,3,0.7142857142857143,3,0
mozilla-releng_build-puppet,modules/packages/manifests/java.pp,5,0.42857142857142855,5,0
mozilla-releng_build-puppet,modules/packages/manifests/mozilla/hgtool.pp,5,0.42857142857142855,5,0
mozilla-releng_build-puppet,modules/toplevel/manifests/server/mobile-services.pp,1,1.0,1,0
mozilla-releng_build-puppet,modules/blackmobilemagic/manifests/config/httpd.pp,2,0.6,2,0
mozilla-releng_build-puppet,modules/blackmobilemagic/manifests/config/rsyslog.pp,2,0.6666666666666666,2,0
mozilla-releng_build-puppet,modules/blackmobilemagic/manifests/config/tftpd.pp,2,0.6666666666666666,2,0
mozilla-releng_build-puppet,modules/blackmobilemagic/manifests/init.pp,2,0.6666666666666666,2,0
mozilla-releng_build-puppet,modules/dirs/manifests/opt.pp,5,0.45454545454545453,5,0
mozilla-releng_build-puppet,modules/dirs/manifests/opt/bmm.pp,3,0.3333333333333333,3,0
mozilla-releng_build-puppet,modules/packages/manifests/rsyslog.pp,6,0.3,6,0
mozilla-releng_build-puppet,modules/packages/manifests/tftp-server.pp,3,0.3333333333333333,3,0
mozilla-releng_build-puppet,modules/packages/manifests/xinetd.pp,4,0.25,4,0
mozilla-releng_build-puppet,modules/rsyslog/manifests/config.pp,4,0.625,4,0
mozilla-releng_build-puppet,modules/rsyslog/manifests/init.pp,5,0.375,5,0
mozilla-releng_build-puppet,modules/rsyslog/manifests/settings.pp,3,0.3333333333333333,3,0
mozilla-releng_build-puppet,modules/tftpd/manifests/init.pp,5,0.3333333333333333,5,0
mozilla-releng_build-puppet,modules/toplevel/manifests/server/bmm.pp,1,1.0,1,0
mozilla-releng_build-puppet,modules/blackmobilemagic/manifests/config/frontend.pp,1,1.0,1,0
mozilla-releng_build-puppet,modules/blackmobilemagic/manifests/settings.pp,1,1.0,1,0
mozilla-releng_build-puppet,modules/packages/manifests/logrotate.pp,3,0.5,3,0
mozilla-releng_build-puppet,modules/packages/manifests/rsyslog_mysql.pp,4,0.42857142857142855,4,0
mozilla-releng_build-puppet,modules/packages/manifests/patch.pp,6,0.16666666666666666,6,0
mozilla-releng_build-puppet,modules/tweaks/manifests/rc_local.pp,3,0.5,3,0
mozilla-releng_build-puppet,modules/bmm/manifests/httpd.pp,3,0.7272727272727273,3,0
mozilla-releng_build-puppet,modules/bmm/manifests/init.pp,3,0.6,3,0
mozilla-releng_build-puppet,modules/bmm/manifests/rsyslog.pp,1,1.0,1,0
mozilla-releng_build-puppet,modules/bmm/manifests/tftpd.pp,2,0.75,2,0
mozilla-releng_build-puppet,modules/mozpool/manifests/config.pp,1,1.0,1,0
mozilla-releng_build-puppet,modules/mozpool/manifests/daemon.pp,1,1.0,1,0
mozilla-releng_build-puppet,modules/mozpool/manifests/httpd.pp,1,1.0,1,0
mozilla-releng_build-puppet,modules/mozpool/manifests/init.pp,1,1.0,1,0
mozilla-releng_build-puppet,modules/mozpool/manifests/inventorysync.pp,2,0.8333333333333334,2,0
mozilla-releng_build-puppet,modules/mozpool/manifests/settings.pp,1,1.0,1,0
mozilla-releng_build-puppet,modules/mozpool/manifests/virtualenv.pp,2,0.96,1,1
mozilla-releng_build-puppet,modules/toplevel/manifests/server/mozpool.pp,1,1.0,1,0
mozilla-releng_build-puppet,modules/shellprofile/files/init.pp,1,1.0,1,0
mozilla-releng_build-puppet,modules/shellprofile/manifests/base.pp,5,0.5,5,0
mozilla-releng_build-puppet,modules/shellprofile/manifests/file.pp,5,0.3333333333333333,5,0
mozilla-releng_build-puppet,modules/bmm/manifests/script.pp,1,1.0,1,0
mozilla-releng_build-puppet,modules/packages/manifests/mozilla/gittool.pp,4,0.25,4,0
mozilla-releng_build-puppet,modules/packages/manifests/mozilla/retry.pp,4,0.25,4,0
mozilla-releng_build-puppet,modules/dirs/manifests/builds/git-shared.pp,2,0.5,2,0
mozilla-releng_build-puppet,modules/mozpool/manifests/dbcron.pp,1,1.0,1,0
mozilla-releng_build-puppet,modules/packages/manifests/mysql.pp,6,0.2857142857142857,6,0
mozilla-releng_build-puppet,modules/buildslave/manifests/startup/desktop.pp,3,0.5,3,0
mozilla-releng_build-puppet,modules/disableservices/manifests/displaymanager.pp,3,0.5,3,0
mozilla-releng_build-puppet,modules/packages/manifests/aptrepo.pp,4,0.5555555555555556,4,0
mozilla-releng_build-puppet,modules/packages/manifests/fonts.pp,5,0.42857142857142855,5,0
mozilla-releng_build-puppet,modules/packages/manifests/ntpdate.pp,4,0.25,4,0
mozilla-releng_build-puppet,modules/packages/manifests/vncserver.pp,3,0.3333333333333333,3,0
mozilla-releng_build-puppet,modules/tweaks/manifests/cleanup.pp,2,0.875,2,0
mozilla-releng_build-puppet,modules/tweaks/manifests/fonts.pp,3,0.3333333333333333,3,0
mozilla-releng_build-puppet,modules/tweaks/manifests/locale.pp,3,0.3333333333333333,3,0
mozilla-releng_build-puppet,modules/packages/manifests/nodejs.pp,5,0.375,5,0
mozilla-releng_build-puppet,modules/packages/manifests/llvm.pp,2,0.5,2,0
mozilla-releng_build-puppet,modules/puppet/manifests/none.pp,1,1.0,1,0
mozilla-releng_build-puppet,modules/packages/manifests/linux_desktop.pp,2,0.5,2,0
mozilla-releng_build-puppet,modules/tweaks/manifests/tcp_keepalive.pp,2,0.6666666666666666,2,0
mozilla-releng_build-puppet,modules/packages/manifests/procmail.pp,4,0.25,4,0
mozilla-releng_build-puppet,modules/packages/manifests/ia32libs.pp,5,0.42857142857142855,5,0
mozilla-releng_build-puppet,modules/disableservices/manifests/notification_daemon.pp,2,0.5,2,0
mozilla-releng_build-puppet,modules/puppet/manifests/motd.pp,3,0.3333333333333333,3,0
mozilla-releng_build-puppet,modules/puppet/manifests/settings.pp,3,0.625,3,0
mozilla-releng_build-puppet,modules/packages/manifests/gnome-settings-daemon.pp,1,1.0,1,0
mozilla-releng_build-puppet,modules/buildmaster/manifests/buildbot_master.pp,3,0.6,3,0
mozilla-releng_build-puppet,modules/buildmaster/manifests/init.pp,4,0.25,4,0
mozilla-releng_build-puppet,modules/buildmaster/manifests/queue.pp,8,0.3157894736842105,8,0
mozilla-releng_build-puppet,modules/buildmaster/manifests/repos.pp,2,0.6666666666666666,2,0
mozilla-releng_build-puppet,modules/buildmaster/manifests/settings.pp,5,0.2,5,0
mozilla-releng_build-puppet,modules/dirs/manifests/builds/buildbot.pp,5,0.2,5,0
mozilla-releng_build-puppet,modules/nrpe/manifests/custom.pp,4,0.25,4,0
mozilla-releng_build-puppet,modules/packages/manifests/gcc.pp,3,0.3333333333333333,3,0
mozilla-releng_build-puppet,modules/packages/manifests/make.pp,3,0.3333333333333333,3,0
mozilla-releng_build-puppet,modules/packages/manifests/mysql-devel.pp,1,1.0,1,0
mozilla-releng_build-puppet,modules/packages/manifests/strace.pp,2,0.5,2,0
mozilla-releng_build-puppet,modules/toplevel/manifests/server/buildmaster.pp,6,0.3,6,0
mozilla-releng_build-puppet,modules/gui/manifests/appearance.pp,5,0.5,5,0
mozilla-releng_build-puppet,modules/gui/manifests/init.pp,8,0.24,5,3
mozilla-releng_build-puppet,modules/packages/manifests/libglib20_bin.pp,2,0.5,2,0
mozilla-releng_build-puppet,modules/packages/manifests/nvidia_drivers.pp,7,0.3,7,0
mozilla-releng_build-puppet,modules/toplevel/manifests/slave/test/gpu.pp,3,0.6,3,0
mozilla-releng_build-puppet,modules/toplevel/manifests/slave/test/headless.pp,1,1.0,1,0
mozilla-releng_build-puppet,modules/kernelmodule/manifests/init.pp,3,0.5,3,0
mozilla-releng_build-puppet,modules/packages/manifests/netcat.pp,3,0.3333333333333333,3,0
mozilla-releng_build-puppet,modules/packages/manifests/xrestop.pp,2,0.5,2,0
mozilla-releng_build-puppet,modules/tweaks/manifests/i82574l_aspm.pp,2,0.5,2,0
mozilla-releng_build-puppet,manifests/extlookup.pp,1,1.0,1,0
mozilla-releng_build-puppet,modules/packages/manifests/createrepo.pp,2,0.5,2,0
mozilla-releng_build-puppet,modules/packages/manifests/debmirror.pp,3,0.5,3,0
mozilla-releng_build-puppet,modules/puppetmaster/manifests/data.pp,3,0.8333333333333334,3,0
mozilla-releng_build-puppet,modules/puppetmaster/manifests/deploy.pp,4,0.5,4,0
mozilla-releng_build-puppet,modules/puppetmaster/manifests/dirs.pp,2,0.75,2,0
mozilla-releng_build-puppet,modules/puppetmaster/manifests/httpd.pp,2,0.8571428571428571,2,0
mozilla-releng_build-puppet,modules/puppetmaster/manifests/manifests.pp,3,0.7777777777777778,3,0
mozilla-releng_build-puppet,modules/puppetmaster/manifests/public_mirror.pp,1,1.0,1,0
mozilla-releng_build-puppet,modules/puppetmaster/manifests/puppetsync_user.pp,2,0.8571428571428571,2,0
mozilla-releng_build-puppet,modules/puppetmaster/manifests/settings.pp,5,0.5,5,0
mozilla-releng_build-puppet,modules/puppetmaster/manifests/ssl.pp,3,0.7142857142857143,3,0
mozilla-releng_build-puppet,manifests/moco-config.pp,32,0.1536697247706422,6,26
mozilla-releng_build-puppet,manifests/moco-nodes.pp,34,0.19460500963391136,4,30
mozilla-releng_build-puppet,manifests/moco_aws_use1-config.pp,4,0.4,4,0
mozilla-releng_build-puppet,manifests/moco_aws_usw2-config.pp,4,0.4,4,0
mozilla-releng_build-puppet,manifests/seamonkey-config.pp,6,0.43478260869565216,3,3
mozilla-releng_build-puppet,modules/config/manifests/base.pp,23,0.2627118644067797,6,17
mozilla-releng_build-puppet,modules/ganglia/manifests/install.pp,1,1.0,1,0
mozilla-releng_build-puppet,manifests/relabs-config.pp,7,0.8490566037735849,2,5
mozilla-releng_build-puppet,manifests/relabs-nodes.pp,3,0.8518518518518519,2,1
mozilla-releng_build-puppet,modules/nrpe/manifests/check/puppet_agent.pp,2,0.5,2,0
mozilla-releng_build-puppet,manifests/servo-config.pp,7,0.5,2,5
mozilla-releng_build-puppet,manifests/servo-nodes.pp,2,0.6666666666666666,2,0
mozilla-releng_build-puppet,modules/bors/manifests/config.pp,3,0.5,3,0
mozilla-releng_build-puppet,modules/bors/manifests/cron.pp,2,0.6666666666666666,2,0
mozilla-releng_build-puppet,modules/bors/manifests/init.pp,1,1.0,1,0
mozilla-releng_build-puppet,modules/bors/manifests/install.pp,3,0.3333333333333333,3,0
mozilla-releng_build-puppet,modules/bors/manifests/instance.pp,2,0.8571428571428571,2,0
mozilla-releng_build-puppet,modules/buildmaster/manifests/base.pp,5,0.3333333333333333,5,0
mozilla-releng_build-puppet,modules/buildmaster/manifests/buildbot_master/mozilla.pp,8,0.25,8,0
mozilla-releng_build-puppet,modules/buildmaster/manifests/buildbot_master/servo.pp,2,0.5,2,0
mozilla-releng_build-puppet,modules/buildmaster/manifests/buildbot_master/simple.pp,4,0.5,4,0
mozilla-releng_build-puppet,modules/dirs/manifests/builds/bors.pp,3,0.3333333333333333,3,0
mozilla-releng_build-puppet,modules/toplevel/manifests/server/bors/servo.pp,3,0.3333333333333333,3,0
mozilla-releng_build-puppet,modules/packages/manifests/autoconf.pp,2,0.6666666666666666,2,0
mozilla-releng_build-puppet,modules/packages/manifests/nrpe.pp,5,0.4,5,0
mozilla-releng_build-puppet,modules/packages/manifests/p7zip.pp,3,0.3333333333333333,3,0
mozilla-releng_build-puppet,modules/packages/manifests/upx.pp,2,0.6666666666666666,2,0
mozilla-releng_build-puppet,modules/packages/manifests/yasm.pp,4,0.5,4,0
mozilla-releng_build-puppet,modules/screenresolution/manifests/init.pp,4,0.5,4,0
mozilla-releng_build-puppet,modules/toplevel/manifests/slave/build/standard.pp,2,0.5,2,0
mozilla-releng_build-puppet,manifests/seamonkey-nodes.pp,4,0.75,4,0
mozilla-releng_build-puppet,modules/packages/manifests/mozilla/ccache.pp,3,0.5,3,0
mozilla-releng_build-puppet,modules/packages/manifests/xcode.pp,7,0.5384615384615384,7,0
mozilla-releng_build-puppet,modules/vmwaretools/manifests/config.pp,1,1.0,1,0
mozilla-releng_build-puppet,modules/vmwaretools/manifests/init.pp,1,1.0,1,0
mozilla-releng_build-puppet,modules/vmwaretools/manifests/install.pp,1,1.0,1,0
mozilla-releng_build-puppet,modules/vmwaretools/manifests/install/archive.pp,1,1.0,1,0
mozilla-releng_build-puppet,modules/vmwaretools/manifests/install/exec.pp,1,1.0,1,0
mozilla-releng_build-puppet,modules/vmwaretools/manifests/install/package.pp,1,1.0,1,0
mozilla-releng_build-puppet,modules/vmwaretools/manifests/kernel_upgrade.pp,1,1.0,1,0
mozilla-releng_build-puppet,modules/vmwaretools/manifests/params.pp,1,1.0,1,0
mozilla-releng_build-puppet,modules/bors/manifests/status.pp,2,0.6666666666666666,2,0
mozilla-releng_build-puppet,modules/toplevel/manifests/server/buildmaster/servo.pp,1,1.0,1,0
mozilla-releng_build-puppet,modules/dirs/manifests/builds/git_shared.pp,3,0.3333333333333333,3,0
mozilla-releng_build-puppet,modules/dirs/manifests/builds/hg_shared.pp,3,0.3333333333333333,3,0
mozilla-releng_build-puppet,modules/packages/manifests/gnome_settings_daemon.pp,2,0.5,2,0
mozilla-releng_build-puppet,modules/packages/manifests/mysql_devel.pp,4,0.4,4,0
mozilla-releng_build-puppet,modules/packages/manifests/net_snmp_utils.pp,3,0.3333333333333333,3,0
mozilla-releng_build-puppet,modules/packages/manifests/tftp_server.pp,3,0.3333333333333333,3,0
mozilla-releng_build-puppet,modules/tweaks/manifests/dev_ptmx.pp,2,0.5,2,0
mozilla-releng_build-puppet,modules/stdlib/manifests/init.pp,1,1.0,1,0
mozilla-releng_build-puppet,modules/stdlib/manifests/stages.pp,1,1.0,1,0
mozilla-releng_build-puppet,modules/stdlib/tests/file_line.pp,1,1.0,1,0
mozilla-releng_build-puppet,modules/stdlib/tests/has_interface_with.pp,1,1.0,1,0
mozilla-releng_build-puppet,modules/stdlib/tests/has_ip_address.pp,1,1.0,1,0
mozilla-releng_build-puppet,modules/stdlib/tests/has_ip_network.pp,1,1.0,1,0
mozilla-releng_build-puppet,modules/stdlib/tests/init.pp,1,1.0,1,0
mozilla-releng_build-puppet,modules/sudoers/manifests/customfile.pp,4,0.5714285714285714,4,0
mozilla-releng_build-puppet,modules/users/manifests/homeclean.pp,3,0.5,3,0
mozilla-releng_build-puppet,modules/users/manifests/people.pp,2,0.5,2,0
mozilla-releng_build-puppet,modules/users/manifests/person.pp,5,0.4444444444444444,5,0
mozilla-releng_build-puppet,modules/buildmaster/manifests/release_runner_access.pp,1,1.0,1,0
mozilla-releng_build-puppet,modules/ssh/manifests/extra_authorized_key.pp,2,0.75,2,0
mozilla-releng_build-puppet,modules/users/manifests/builder/extra_authorized_key.pp,2,0.6666666666666666,2,0
mozilla-releng_build-puppet,modules/users/manifests/root/extra_authorized_key.pp,2,0.6666666666666666,2,0
mozilla-releng_build-puppet,modules/packages/manifests/gstreamer.pp,5,0.3333333333333333,5,0
mozilla-releng_build-puppet,modules/collectd/manifests/init.pp,4,0.7,4,0
mozilla-releng_build-puppet,modules/collectd/manifests/plugins/init.pp,1,1.0,1,0
mozilla-releng_build-puppet,modules/collectd/manifests/settings.pp,2,0.9166666666666666,2,0
mozilla-releng_build-puppet,modules/packages/manifests/collectd.pp,4,0.75,4,0
mozilla-releng_build-puppet,modules/packages/manifests/mozilla/google_api.pp,2,0.5,2,0
mozilla-releng_build-puppet,modules/gaia_bumper/manifests/init.pp,1,1.0,1,0
mozilla-releng_build-puppet,modules/toplevel/manifests/server/gaia_bumper.pp,1,1.0,1,0
mozilla-releng_build-puppet,modules/firewall/manifests/init.pp,2,0.5,2,0
mozilla-releng_build-puppet,modules/firewall/manifests/linux.pp,2,0.5,2,0
mozilla-releng_build-puppet,modules/firewall/manifests/linux/archlinux.pp,2,0.5,2,0
mozilla-releng_build-puppet,modules/firewall/manifests/linux/debian.pp,2,0.5,2,0
mozilla-releng_build-puppet,modules/firewall/manifests/linux/redhat.pp,2,0.5,2,0
mozilla-releng_build-puppet,modules/fw/manifests/init.pp,2,0.6666666666666666,2,0
mozilla-releng_build-puppet,modules/fw/manifests/port.pp,3,0.3333333333333333,3,0
mozilla-releng_build-puppet,modules/fw/manifests/post.pp,3,0.5714285714285714,3,0
mozilla-releng_build-puppet,modules/fw/manifests/pre.pp,3,0.625,3,0
mozilla-releng_build-puppet,modules/tweaks/manifests/cron.pp,3,0.3333333333333333,3,0
mozilla-releng_build-puppet,modules/mercurial/manifests/init.pp,1,1.0,1,0
mozilla-releng_build-puppet,modules/mercurial/manifests/repo.pp,3,0.6,3,0
mozilla-releng_build-puppet,modules/releaserunner/manifests/init.pp,9,0.3870967741935484,4,5
mozilla-releng_build-puppet,modules/releaserunner/manifests/services.pp,5,0.3333333333333333,5,0
mozilla-releng_build-puppet,modules/releaserunner/manifests/settings.pp,3,0.3333333333333333,3,0
mozilla-releng_build-puppet,modules/tweaks/manifests/resolvconf.pp,2,0.5,2,0
mozilla-releng_build-puppet,modules/packages/manifests/packagemaker.pp,3,0.6666666666666666,3,0
mozilla-releng_build-puppet,modules/packages/manifests/gnupg.pp,2,0.75,2,0
mozilla-releng_build-puppet,modules/packages/manifests/javadeveloper_for_os_x.pp,4,0.25,4,0
mozilla-releng_build-puppet,modules/packages/manifests/jdk16.pp,4,0.3333333333333333,4,0
mozilla-releng_build-puppet,modules/packages/manifests/libevent.pp,2,0.6666666666666666,2,0
mozilla-releng_build-puppet,modules/packages/manifests/mono.pp,2,0.5,2,0
mozilla-releng_build-puppet,modules/packages/manifests/mozilla/android_sdk16.pp,1,1.0,1,0
mozilla-releng_build-puppet,modules/packages/manifests/mozilla/signing_test_files.pp,4,0.4,4,0
mozilla-releng_build-puppet,modules/packages/manifests/mozilla/signmar.pp,2,0.75,2,0
mozilla-releng_build-puppet,modules/packages/manifests/nss_tools.pp,4,0.4,4,0
mozilla-releng_build-puppet,modules/packages/manifests/openssl.pp,7,0.5,4,3
mozilla-releng_build-puppet,modules/signingserver/manifests/base.pp,9,0.3333333333333333,9,0
mozilla-releng_build-puppet,modules/signingserver/manifests/instance.pp,11,0.21212121212121213,7,4
mozilla-releng_build-puppet,modules/toplevel/manifests/server/signing.pp,9,0.4,6,3
mozilla-releng_build-puppet,modules/users/manifests/signer.pp,2,0.5,2,0
mozilla-releng_build-puppet,modules/users/manifests/signer/account.pp,4,0.6666666666666666,4,0
mozilla-releng_build-puppet,modules/users/manifests/signer/setup.pp,3,0.6,3,0
mozilla-releng_build-puppet,modules/puppet/manifests/environment.pp,2,0.75,2,0
mozilla-releng_build-puppet,modules/packages/manifests/libpng.pp,2,0.5,2,0
mozilla-releng_build-puppet,modules/collectd/manifests/plugins/unixsock.pp,2,0.6666666666666666,2,0
mozilla-releng_build-puppet,modules/disableservices/manifests/fingerprint.pp,1,1.0,1,0
mozilla-releng_build-puppet,modules/motd/manifests/settings.pp,3,0.6,3,0
mozilla-releng_build-puppet,modules/androidemulator/manifests/init.pp,2,0.8,2,0
mozilla-releng_build-puppet,modules/packages/manifests/mozilla/android_sdk18.pp,2,0.75,2,0
mozilla-releng_build-puppet,modules/androidemulator/manifests/x86.pp,2,0.6666666666666666,2,0
mozilla-releng_build-puppet,modules/packages/manifests/mozilla/hiera_eyaml.pp,2,0.6666666666666666,2,0
mozilla-releng_build-puppet,modules/puppetmaster/manifests/hiera.pp,2,0.8333333333333334,2,0
mozilla-releng_build-puppet,modules/packages/manifests/system_git.pp,2,0.5,2,0
mozilla-releng_build-puppet,modules/collectd/manifests/disable.pp,1,1.0,1,0
mozilla-releng_build-puppet,modules/needs_reboot/manifests/motd.pp,1,1.0,1,0
mozilla-releng_build-puppet,modules/packages/manifests/snmp.pp,4,0.25,4,0
mozilla-releng_build-puppet,modules/slaveapi/manifests/base.pp,3,0.3333333333333333,3,0
mozilla-releng_build-puppet,modules/slaveapi/manifests/instance.pp,10,0.49056603773584906,5,5
mozilla-releng_build-puppet,modules/toplevel/manifests/server/slaveapi.pp,3,0.5,3,0
mozilla-releng_build-puppet,modules/collectd/manifests/plugins/csv.pp,2,0.5,2,0
mozilla-releng_build-puppet,modules/collectd/manifests/plugins/df.pp,2,0.6666666666666666,2,0
mozilla-releng_build-puppet,modules/collectd/manifests/plugins/disk.pp,2,0.5,2,0
mozilla-releng_build-puppet,modules/collectd/manifests/plugins/generic.pp,1,1.0,1,0
mozilla-releng_build-puppet,modules/collectd/manifests/plugins/interface.pp,1,1.0,1,0
mozilla-releng_build-puppet,modules/collectd/manifests/plugins/logfile.pp,1,1.0,1,0
mozilla-releng_build-puppet,modules/collectd/manifests/plugins/vmem.pp,2,0.5,2,0
mozilla-releng_build-puppet,modules/collectd/manifests/profiles.pp,3,0.7142857142857143,3,0
mozilla-releng_build-puppet,modules/collectd/manifests/util/config_gen.pp,3,0.3333333333333333,3,0
mozilla-releng_build-puppet,manifests/qa-config.pp,7,0.6333333333333333,2,5
mozilla-releng_build-puppet,manifests/qa-nodes.pp,3,0.6666666666666666,3,0
mozilla-releng_build-puppet,modules/cron/manifests/init.pp,3,0.3333333333333333,3,0
mozilla-releng_build-puppet,modules/packages/manifests/crond.pp,2,0.5,2,0
mozilla-releng_build-puppet,modules/web_proxy/manifests/init.pp,2,0.6666666666666666,2,0
mozilla-releng_build-puppet,modules/packages/manifests/cowbuilder.pp,2,0.5,2,0
mozilla-releng_build-puppet,modules/pkgbuilder/manifests/init.pp,5,0.42857142857142855,5,0
mozilla-releng_build-puppet,modules/toplevel/manifests/server/pkgbuilder.pp,1,1.0,1,0
mozilla-releng_build-puppet,modules/packages/manifests/bridge-utils.pp,3,0.3333333333333333,3,0
mozilla-releng_build-puppet,modules/packages/manifests/cpu-checker.pp,3,0.3333333333333333,3,0
mozilla-releng_build-puppet,modules/packages/manifests/qemu-kvm.pp,4,0.25,4,0
mozilla-releng_build-puppet,modules/packages/manifests/ubuntu-vm-builder.pp,1,1.0,1,0
mozilla-releng_build-puppet,modules/buildmaster/manifests/db_maintenance.pp,4,0.42857142857142855,4,0
mozilla-releng_build-puppet,modules/pkgbuilder/manifests/base_cow.pp,2,0.5,2,0
mozilla-releng_build-puppet,modules/puppetmaster/manifests/extsync.pp,2,0.5,2,0
mozilla-releng_build-puppet,modules/puppetmaster/manifests/extsync/fake.pp,1,1.0,1,0
mozilla-releng_build-puppet,modules/puppetmaster/manifests/extsync_crontask.pp,3,0.3333333333333333,3,0
mozilla-releng_build-puppet,modules/puppetmaster/manifests/extsyncs.pp,2,0.5,2,0
mozilla-releng_build-puppet,modules/selfserve_agent/manifests/init.pp,1,1.0,1,0
mozilla-releng_build-puppet,modules/selfserve_agent/manifests/install.pp,9,0.2692307692307692,7,2
mozilla-releng_build-puppet,modules/selfserve_agent/manifests/services.pp,4,0.4,4,0
mozilla-releng_build-puppet,modules/selfserve_agent/manifests/settings.pp,2,0.5,2,0
mozilla-releng_build-puppet,modules/bouncer_check/manifests/init.pp,4,0.4444444444444444,4,0
mozilla-releng_build-puppet,modules/puppetmaster/manifests/foreman_facts.pp,3,0.5,3,0
mozilla-releng_build-puppet,modules/packages/manifests/pyyaml.pp,4,0.5,4,0
mozilla-releng_build-puppet,modules/puppetmaster/manifests/extsync/slavealloc.pp,2,0.5,2,0
mozilla-releng_build-puppet,modules/buildmaster/manifests/ssh_key.pp,2,0.5,2,0
mozilla-releng_build-puppet,modules/slave_secrets/manifests/google_api_key.pp,2,0.6666666666666666,2,0
mozilla-releng_build-puppet,modules/slave_secrets/manifests/init.pp,8,0.26666666666666666,8,0
mozilla-releng_build-puppet,modules/slave_secrets/manifests/ssh_key.pp,2,0.5,2,0
mozilla-releng_build-puppet,modules/slave_secrets/manifests/ssh_keys.pp,7,0.3333333333333333,7,0
mozilla-releng_build-puppet,modules/ssh/manifests/user_privkey.pp,3,0.3333333333333333,3,0
mozilla-releng_build-puppet,modules/puppetmaster/manifests/rsyslog.pp,1,1.0,1,0
mozilla-releng_build-puppet,modules/slaverebooter/manifests/init.pp,3,0.6363636363636364,3,0
mozilla-releng_build-puppet,modules/slaverebooter/manifests/services.pp,2,0.6666666666666666,2,0
mozilla-releng_build-puppet,modules/slaverebooter/manifests/settings.pp,2,0.5,2,0
mozilla-releng_build-puppet,modules/shellprofile/manifests/settings.pp,1,1.0,1,0
mozilla-releng_build-puppet,modules/b2g_bumper/manifests/init.pp,1,1.0,1,0
mozilla-releng_build-puppet,modules/toplevel/manifests/server/b2g_bumper.pp,1,1.0,1,0
mozilla-releng_build-puppet,modules/packages/manifests/sox.pp,3,0.3333333333333333,3,0
mozilla-releng_build-puppet,modules/casper/manifests/casperuser.pp,1,1.0,1,0
mozilla-releng_build-puppet,modules/casper/manifests/fileserver.pp,2,0.5,2,0
mozilla-releng_build-puppet,modules/casper/manifests/settings.pp,1,1.0,1,0
mozilla-releng_build-puppet,modules/tweaks/manifests/swap_on_instance_storage.pp,2,0.5,2,0
mozilla-releng_build-puppet,modules/toplevel/manifests/server/buildmaster/mozilla.pp,2,0.6666666666666666,2,0
mozilla-releng_build-puppet,modules/collectd/manifests/plugins/ethstat.pp,2,0.5,2,0
mozilla-releng_build-puppet,modules/collectd/manifests/plugins/aggregation.pp,2,0.5,2,0
mozilla-releng_build-puppet,modules/collectd/manifests/plugins/filters.pp,2,0.5,2,0
mozilla-releng_build-puppet,modules/collectd/manifests/plugins/write_graphite.pp,2,0.5,2,0
mozilla-releng_build-puppet,modules/diamond/manifests/config.pp,1,1.0,1,0
mozilla-releng_build-puppet,modules/diamond/manifests/disable.pp,1,1.0,1,0
mozilla-releng_build-puppet,modules/diamond/manifests/init.pp,1,1.0,1,0
mozilla-releng_build-puppet,modules/diamond/manifests/service.pp,1,1.0,1,0
mozilla-releng_build-puppet,modules/diamond/manifests/settings.pp,1,1.0,1,0
mozilla-releng_build-puppet,modules/packages/manifests/diamond.pp,1,1.0,1,0
mozilla-releng_build-puppet,modules/packages/manifests/debian_keyring.pp,2,0.5,2,0
mozilla-releng_build-puppet,modules/instance_metadata/manifests/diamond.pp,1,1.0,1,0
mozilla-releng_build-puppet,modules/instance_metadata/manifests/disable.pp,2,0.5,2,0
mozilla-releng_build-puppet,modules/instance_metadata/manifests/init.pp,4,0.4,4,0
mozilla-releng_build-puppet,modules/packages/manifests/libxcb1.pp,5,0.5,5,0
mozilla-releng_build-puppet,modules/packages/manifests/mesa.pp,5,0.6111111111111112,5,0
mozilla-releng_build-puppet,modules/packages/manifests/gdb.pp,3,0.6,3,0
mozilla-releng_build-puppet,modules/network/manifests/resolv.pp,1,1.0,1,0
mozilla-releng_build-puppet,modules/aws_manager/manifests/cron.pp,15,0.42857142857142855,6,9
mozilla-releng_build-puppet,modules/aws_manager/manifests/crontask.pp,4,0.5714285714285714,4,0
mozilla-releng_build-puppet,modules/aws_manager/manifests/init.pp,1,1.0,1,0
mozilla-releng_build-puppet,modules/aws_manager/manifests/install.pp,8,0.26666666666666666,8,0
mozilla-releng_build-puppet,modules/aws_manager/manifests/secrets.pp,2,0.875,2,0
mozilla-releng_build-puppet,modules/aws_manager/manifests/settings.pp,4,0.4,4,0
mozilla-releng_build-puppet,modules/toplevel/manifests/server/aws_manager.pp,3,0.3333333333333333,3,0
mozilla-releng_build-puppet,modules/users/manifests/buildduty.pp,2,0.5,2,0
mozilla-releng_build-puppet,modules/users/manifests/buildduty/account.pp,2,0.5,2,0
mozilla-releng_build-puppet,modules/users/manifests/buildduty/setup.pp,3,0.6,3,0
mozilla-releng_build-puppet,modules/aws/manifests/instance_storage.pp,3,0.3333333333333333,3,0
mozilla-releng_build-puppet,modules/jacuzzi_metadata/manifests/disable.pp,3,0.5,3,0
mozilla-releng_build-puppet,modules/jacuzzi_metadata/manifests/init.pp,1,1.0,1,0
mozilla-releng_build-puppet,modules/dirs/manifests/builds/tooltool_cache.pp,3,0.3333333333333333,3,0
mozilla-releng_build-puppet,modules/slave_secrets/manifests/ceph_config.pp,4,0.3333333333333333,4,0
mozilla-releng_build-puppet,modules/toplevel/manifests/mixin/b2g_bumper.pp,1,1.0,1,0
mozilla-releng_build-puppet,modules/toplevel/manifests/mixin/bouncer_check.pp,1,1.0,1,0
mozilla-releng_build-puppet,modules/toplevel/manifests/mixin/buildmaster_db_maintenance.pp,1,1.0,1,0
mozilla-releng_build-puppet,modules/toplevel/manifests/mixin/gaia_bumper.pp,1,1.0,1,0
mozilla-releng_build-puppet,modules/toplevel/manifests/mixin/releaserunner.pp,2,0.5,2,0
mozilla-releng_build-puppet,modules/toplevel/manifests/mixin/selfserve_agent.pp,1,1.0,1,0
mozilla-releng_build-puppet,modules/toplevel/manifests/mixin/slaverebooter.pp,1,1.0,1,0
mozilla-releng_build-puppet,modules/slave_secrets/manifests/mozilla_api_key.pp,2,0.5,2,0
mozilla-releng_build-puppet,modules/web_proxy/manifests/environment.pp,3,0.5555555555555556,3,0
mozilla-releng_build-puppet,modules/nrpe/manifests/check/check_stop_idle.pp,2,0.5,2,0
mozilla-releng_build-puppet,modules/toplevel/manifests/server/mozmill_ci.pp,2,0.6666666666666666,2,0
mozilla-releng_build-puppet,modules/toplevel/manifests/slave/qa.pp,4,0.45454545454545453,4,0
mozilla-releng_build-puppet,modules/toplevel/manifests/slave/qa/mozmill_ci.pp,1,1.0,1,0
mozilla-releng_build-puppet,modules/toplevel/manifests/slave/releng.pp,6,0.40625,6,0
mozilla-releng_build-puppet,modules/toplevel/manifests/slave/releng/build.pp,8,0.4,3,5
mozilla-releng_build-puppet,modules/toplevel/manifests/slave/releng/build/mock.pp,8,0.4,8,0
mozilla-releng_build-puppet,modules/toplevel/manifests/slave/releng/build/standard.pp,4,0.25,4,0
mozilla-releng_build-puppet,modules/toplevel/manifests/slave/releng/test.pp,12,0.17857142857142858,7,5
mozilla-releng_build-puppet,modules/toplevel/manifests/slave/releng/test/gpu.pp,3,0.5,3,0
mozilla-releng_build-puppet,modules/toplevel/manifests/slave/releng/test/headless.pp,3,0.5,3,0
mozilla-releng_build-puppet,modules/toplevel/manifests/server/tps_ci.pp,2,0.6666666666666666,2,0
mozilla-releng_build-puppet,modules/toplevel/manifests/slave/qa/tps_ci.pp,1,1.0,1,0
mozilla-releng_build-puppet,modules/tweaks/manifests/filesystem.pp,1,1.0,1,0
mozilla-releng_build-puppet,modules/runner/manifests/init.pp,9,0.43333333333333335,5,4
mozilla-releng_build-puppet,modules/runner/manifests/service.pp,7,0.3,7,0
mozilla-releng_build-puppet,modules/runner/manifests/settings.pp,8,0.38095238095238093,3,5
mozilla-releng_build-puppet,modules/runner/manifests/task.pp,6,0.2857142857142857,6,0
mozilla-releng_build-puppet,modules/runner/manifests/tasks/checkout_tools.pp,5,0.4444444444444444,5,0
mozilla-releng_build-puppet,modules/runner/manifests/tasks/purge_builds.pp,6,0.3,6,0
mozilla-releng_build-puppet,modules/runner/manifests/tasks/update_shared_repos.pp,2,0.6,2,0
mozilla-releng_build-puppet,modules/slaveapi/manifests/aws.pp,5,0.3333333333333333,5,0
mozilla-releng_build-puppet,modules/web_proxy/manifests/gui.pp,3,0.5,3,0
mozilla-releng_build-puppet,modules/puppetmaster/manifests/environment.pp,2,0.5,2,0
mozilla-releng_build-puppet,modules/hardware/manifests/ix_ipmi.pp,1,1.0,1,0
mozilla-releng_build-puppet,modules/kernelmodule/manifests/rc_modules.pp,2,0.5,2,0
mozilla-releng_build-puppet,modules/hardware/manifests/ipmitool.pp,2,0.75,2,0
mozilla-releng_build-puppet,modules/hardware/manifests/supermicro_ipmi.pp,1,1.0,1,0
mozilla-releng_build-puppet,modules/packages/manifests/7z920.pp,3,0.6,3,0
mozilla-releng_build-puppet,modules/packages/manifests/mapi_headers.pp,2,0.6666666666666666,2,0
mozilla-releng_build-puppet,modules/packages/manifests/psutil.pp,2,0.8,2,0
mozilla-releng_build-puppet,modules/puppet/manifests/cleanup.pp,1,1.0,1,0
mozilla-releng_build-puppet,modules/firewall/manifests/windows_exceptions.pp,1,1.0,1,0
mozilla-releng_build-puppet,modules/firewall/manifests/windows_settings.pp,1,1.0,1,0
mozilla-releng_build-puppet,modules/puppetmaster/manifests/extsync/fake_slavealloc.pp,1,1.0,1,0
mozilla-releng_build-puppet,modules/registry/manifests/compliance_example.pp,1,1.0,1,0
mozilla-releng_build-puppet,modules/registry/manifests/init.pp,1,1.0,1,0
mozilla-releng_build-puppet,modules/registry/manifests/purge_example.pp,1,1.0,1,0
mozilla-releng_build-puppet,modules/registry/manifests/service.pp,1,1.0,1,0
mozilla-releng_build-puppet,modules/registry/manifests/service_example.pp,1,1.0,1,0
mozilla-releng_build-puppet,modules/registry/manifests/value.pp,1,1.0,1,0
mozilla-releng_build-puppet,modules/registry/tests/init.pp,1,1.0,1,0
mozilla-releng_build-puppet,modules/registry/tests/registry_examples.pp,2,0.5,2,0
mozilla-releng_build-puppet,modules/disableservices/manifests/disable_ms_maintenance.pp,3,0.5,3,0
mozilla-releng_build-puppet,modules/disableservices/manifests/disableddns.pp,2,0.6666666666666666,2,0
mozilla-releng_build-puppet,modules/disableservices/manifests/disableupdates.pp,3,0.5,3,0
mozilla-releng_build-puppet,modules/disableservices/manifests/winreport.pp,4,0.4,4,0
mozilla-releng_build-puppet,modules/hardware/manifests/hddoff.pp,4,0.4,4,0
mozilla-releng_build-puppet,modules/hardware/manifests/highperformance.pp,4,0.4,4,0
mozilla-releng_build-puppet,modules/packages/manifests/mozilla/mozilla_build.pp,5,0.6521739130434783,3,2
mozilla-releng_build-puppet,modules/assert/tests/assert.pp,2,0.6666666666666666,2,0
mozilla-releng_build-puppet,modules/shared/manifests/execonce.pp,2,0.75,2,0
mozilla-releng_build-puppet,modules/packages/manifests/ultravnc.pp,3,0.5,3,0
mozilla-releng_build-puppet,modules/vnc/manifests/ultravnc_ini.pp,4,0.5,4,0
mozilla-releng_build-puppet,modules/dirs/manifests/installersource.pp,2,0.5,2,0
mozilla-releng_build-puppet,modules/dirs/manifests/installersource/puppetagain_pub_build_mozilla_org.pp,2,0.5,2,0
mozilla-releng_build-puppet,modules/dirs/manifests/installersource/puppetagain_pub_build_mozilla_org/msis.pp,2,0.5,2,0
mozilla-releng_build-puppet,modules/packages/manifests/pkgmsi.pp,2,0.6666666666666666,2,0
mozilla-releng_build-puppet,modules/buildslave/manifests/startup/runner.pp,6,0.5714285714285714,3,3
mozilla-releng_build-puppet,modules/runner/manifests/tasks/buildbot.pp,5,0.4,5,0
mozilla-releng_build-puppet,modules/nrpe/manifests/check/puppetmaster_certs.pp,2,0.5,2,0
mozilla-releng_build-puppet,modules/packages/manifests/binscope.pp,4,0.25,4,0
mozilla-releng_build-puppet,modules/packages/manifests/nsclient_plus_plus.pp,3,0.3333333333333333,3,0
mozilla-releng_build-puppet,modules/packages/manifests/pkgexe.pp,2,0.5,2,0
mozilla-releng_build-puppet,modules/packages/manifests/pkgzip.pp,3,0.5,3,0
mozilla-releng_build-puppet,modules/packages/manifests/kts.pp,2,0.75,2,0
mozilla-releng_build-puppet,modules/packages/manifests/python_ldap.pp,2,0.5,2,0
mozilla-releng_build-puppet,modules/puppetmaster/manifests/extsync/moco_ldap.pp,3,0.3333333333333333,3,0
mozilla-releng_build-puppet,modules/tweaks/manifests/server_initialize.pp,2,0.5,2,0
mozilla-releng_build-puppet,modules/mig/manifests/agent.pp,2,0.5,2,0
mozilla-releng_build-puppet,modules/packages/manifests/mozilla/mig_agent.pp,7,0.5238095238095238,4,3
mozilla-releng_build-puppet,modules/dnsmasq/manifests/config.pp,1,1.0,1,0
mozilla-releng_build-puppet,modules/dnsmasq/manifests/init.pp,2,0.5,2,0
mozilla-releng_build-puppet,modules/dnsmasq/manifests/settings.pp,2,0.5,2,0
mozilla-releng_build-puppet,modules/packages/manifests/dnsmasq.pp,2,0.5,2,0
mozilla-releng_build-puppet,modules/packages/manifests/python-mysqldb.pp,1,1.0,1,0
mozilla-releng_build-puppet,modules/packages/manifests/mozilla/git_remote_hg.pp,3,0.5,3,0
mozilla-releng_build-puppet,modules/disableservices/manifests/user.pp,3,0.5,3,0
mozilla-releng_build-puppet,modules/runner/manifests/tasks/config_mockbuild.pp,2,0.6666666666666666,2,0
mozilla-releng_build-puppet,modules/packages/manifests/dpkg.pp,2,0.6666666666666666,2,0
mozilla-releng_build-puppet,modules/shipit_notifier/manifests/init.pp,2,0.75,2,0
mozilla-releng_build-puppet,modules/shipit_notifier/manifests/services.pp,2,0.5,2,0
mozilla-releng_build-puppet,modules/shipit_notifier/manifests/settings.pp,2,0.5,2,0
mozilla-releng_build-puppet,modules/toplevel/manifests/mixin/shipit_notifier.pp,1,1.0,1,0
mozilla-releng_build-puppet,modules/packages/manifests/bash.pp,5,0.4166666666666667,5,0
mozilla-releng_build-puppet,modules/runner/manifests/tasks/check_ami.pp,3,0.5,3,0
mozilla-releng_build-puppet,modules/nginx/manifests/init.pp,2,0.5,2,0
mozilla-releng_build-puppet,modules/packages/manifests/nginx.pp,2,0.5,2,0
mozilla-releng_build-puppet,modules/proxxy/manifests/init.pp,2,0.5,2,0
mozilla-releng_build-puppet,modules/proxxy/manifests/settings.pp,5,0.42857142857142855,5,0
mozilla-releng_build-puppet,modules/toplevel/manifests/server/proxxy.pp,1,1.0,1,0
mozilla-releng_build-puppet,modules/packages/manifests/mozilla/osslsigncode.pp,4,0.25,4,0
mozilla-releng_build-puppet,modules/slave_secrets/manifests/google_oauth_api_key.pp,3,0.5,3,0
mozilla-releng_build-puppet,modules/log_aggregator/manifests/init.pp,4,0.5,4,0
mozilla-releng_build-puppet,modules/toplevel/manifests/server/log_aggregator.pp,2,0.5,2,0
mozilla-releng_build-puppet,modules/log_aggregator/manifests/client.pp,7,0.23529411764705882,7,0
mozilla-releng_build-puppet,modules/dirs/manifests/installersource/puppetagain_pub_build_mozilla_org/zips.pp,2,0.5,2,0
mozilla-releng_build-puppet,modules/auditd/manifests/init.pp,2,0.8,2,0
mozilla-releng_build-puppet,modules/packages/manifests/audisp_cef.pp,2,0.5,2,0
mozilla-releng_build-puppet,modules/packages/manifests/auditd.pp,2,0.5,2,0
mozilla-releng_build-puppet,modules/runner/manifests/tasks/darwin_clean_buildbot.pp,1,1.0,1,0
mozilla-releng_build-puppet,modules/windows_firewall/manifests/exception.pp,1,1.0,1,0
mozilla-releng_build-puppet,modules/windows_firewall/manifests/init.pp,1,1.0,1,0
mozilla-releng_build-puppet,modules/tweaks/manifests/disablejit.pp,2,0.5,2,0
mozilla-releng_build-puppet,modules/tweaks/manifests/memory_paging.pp,3,0.3333333333333333,3,0
mozilla-releng_build-puppet,modules/tweaks/manifests/nouac.pp,2,0.5,2,0
mozilla-releng_build-puppet,modules/tweaks/manifests/ntfs_options.pp,3,0.3333333333333333,3,0
mozilla-releng_build-puppet,modules/tweaks/manifests/process_priority.pp,2,0.5,2,0
mozilla-releng_build-puppet,modules/tweaks/manifests/pwrshell_options.pp,2,0.5,2,0
mozilla-releng_build-puppet,modules/tweaks/manifests/shutdown_tracker.pp,2,0.5,2,0
mozilla-releng_build-puppet,modules/tweaks/manifests/windows_activation.pp,2,0.5,2,0
mozilla-releng_build-puppet,modules/tweaks/manifests/windows_setkms.pp,3,0.3333333333333333,3,0
mozilla-releng_build-puppet,modules/shared/manifests/execonce/base.pp,2,0.6666666666666666,2,0
mozilla-releng_build-puppet,modules/dirs/manifests/etc.pp,2,0.6666666666666666,2,0
mozilla-releng_build-puppet,modules/acl/manifests/init.pp,1,1.0,1,0
mozilla-releng_build-puppet,modules/acl/tests/hiera.pp,1,1.0,1,0
mozilla-releng_build-puppet,modules/acl/tests/init.pp,1,1.0,1,0
mozilla-releng_build-puppet,modules/rdp/manifests/enable_rdp.pp,4,0.3333333333333333,4,0
mozilla-releng_build-puppet,modules/rdp/manifests/init.pp,1,1.0,1,0
mozilla-releng_build-puppet,modules/buildslave/manifests/startup/windows.pp,4,0.5714285714285714,4,0
mozilla-releng_build-puppet,modules/dirs/manifests/programdata.pp,2,0.5,2,0
mozilla-releng_build-puppet,modules/dirs/manifests/programdata/puppetagain.pp,2,0.5,2,0
mozilla-releng_build-puppet,modules/fw/manifests/windows_exceptions.pp,2,0.6666666666666666,2,0
mozilla-releng_build-puppet,modules/fw/manifests/windows_settings.pp,2,0.6666666666666666,2,0
mozilla-releng_build-puppet,modules/runner/manifests/tasks/populate_shared_repos.pp,1,1.0,1,0
mozilla-releng_build-puppet,modules/runner/manifests/tasks/cleanup.pp,1,1.0,1,0
mozilla-releng_build-puppet,modules/cleanslate/manifests/init.pp,5,0.3,5,0
mozilla-releng_build-puppet,modules/cleanslate/manifests/settings.pp,3,0.3333333333333333,3,0
mozilla-releng_build-puppet,modules/runner/manifests/tasks/cleanslate_task.pp,2,0.5,2,0
mozilla-releng_build-puppet,modules/runner/manifests/tasks/halt.pp,3,0.3333333333333333,3,0
mozilla-releng_build-puppet,modules/runner/manifests/tasks/post_flight.pp,1,1.0,1,0
mozilla-releng_build-puppet,modules/git/manifests/repo.pp,3,0.5,3,0
mozilla-releng_build-puppet,modules/runner/manifests/tasks/restart_services.pp,2,0.8333333333333334,2,0
mozilla-releng_build-puppet,modules/mig/manifests/agent/base.pp,3,0.75,3,0
mozilla-releng_build-puppet,modules/mig/manifests/agent/checkin.pp,4,0.4,4,0
mozilla-releng_build-puppet,modules/mig/manifests/agent/daemon.pp,5,0.3333333333333333,5,0
mozilla-releng_build-puppet,modules/runner/manifests/tasks/mig_agent.pp,4,0.4,4,0
mozilla-releng_build-puppet,modules/slave_secrets/manifests/mozilla_geoloc_api_keys.pp,2,0.5,2,0
mozilla-releng_build-puppet,modules/toplevel/manifests/server/deploystudio.pp,1,1.0,1,0
mozilla-releng_build-puppet,modules/users/manifests/deploystudio.pp,2,0.6666666666666666,2,0
mozilla-releng_build-puppet,modules/users/manifests/deploystudio/account.pp,3,0.6,3,0
mozilla-releng_build-puppet,modules/users/manifests/deploystudio/setup.pp,2,0.5,2,0
mozilla-releng_build-puppet,modules/packages/manifests/php.pp,2,0.5,2,0
mozilla-releng_build-puppet,modules/packages/manifests/subversion.pp,3,0.3333333333333333,3,0
mozilla-releng_build-puppet,modules/packages/manifests/libc.pp,5,0.2727272727272727,5,0
mozilla-releng_build-puppet,modules/tweaks/manifests/vs_2013_lnk.pp,3,0.5,3,0
mozilla-releng_build-puppet,modules/packages/manifests/kernel.pp,3,0.6666666666666666,3,0
mozilla-releng_build-puppet,modules/grub/manifests/defaults.pp,4,0.5714285714285714,4,0
mozilla-releng_build-puppet,modules/grub/manifests/init.pp,2,0.6666666666666666,2,0
mozilla-releng_build-puppet,modules/packages/manifests/rsyslog_gnutls.pp,2,0.6666666666666666,2,0
mozilla-releng_build-puppet,modules/windows_path/manifests/init.pp,1,1.0,1,0
mozilla-releng_build-puppet,modules/windows_path/tests/init.pp,1,1.0,1,0
mozilla-releng_build-puppet,modules/packages/manifests/pywin32.pp,3,0.5,3,0
mozilla-releng_build-puppet,modules/slave_secrets/manifests/crash_stats_api_token.pp,3,0.4,3,0
mozilla-releng_build-puppet,modules/runner/manifests/tasks/clobber.pp,4,0.4,4,0
mozilla-releng_build-puppet,modules/bacula_client/manifests/init.pp,4,0.5,4,0
mozilla-releng_build-puppet,modules/packages/manifests/bacula_enterprise_client.pp,5,0.6,5,0
mozilla-releng_build-puppet,modules/needs_reboot/manifests/init.pp,2,0.8,2,0
mozilla-releng_build-puppet,modules/toplevel/manifests/server/buildmaster/seamonkey.pp,2,0.5,2,0
mozilla-releng_build-puppet,modules/nrpe/manifests/check/ntp_peer.pp,2,0.5,2,0
mozilla-releng_build-puppet,modules/deploystudio/manifests/files.pp,2,0.8,2,0
mozilla-releng_build-puppet,modules/deploystudio/manifests/init.pp,1,1.0,1,0
mozilla-releng_build-puppet,modules/deploystudio/manifests/settings.pp,1,1.0,1,0
mozilla-releng_build-puppet,modules/dirs/manifests/installersource/puppetagain_pub_build_mozilla_org/exes.pp,2,0.5,2,0
mozilla-releng_build-puppet,modules/packages/manifests/hardlink.pp,2,0.5,2,0
mozilla-releng_build-puppet,modules/security/manifests/init.pp,2,0.6666666666666666,2,0
mozilla-releng_build-puppet,modules/security/manifests/motd.pp,2,0.5,2,0
mozilla-releng_build-puppet,modules/disableservices/manifests/release_upgrader.pp,2,0.6666666666666666,2,0
mozilla-releng_build-puppet,modules/nrpe/manifests/check/open_tcp.pp,2,0.6666666666666666,2,0
mozilla-releng_build-puppet,modules/slave_secrets/manifests/relengapi_token.pp,2,0.5,2,0
mozilla-releng_build-puppet,modules/buildbot_bridge/manifests/conf.pp,3,0.4,3,0
mozilla-releng_build-puppet,modules/buildbot_bridge/manifests/init.pp,7,0.6956521739130435,2,5
mozilla-releng_build-puppet,modules/buildbot_bridge/manifests/services.pp,3,0.5,3,0
mozilla-releng_build-puppet,modules/buildbot_bridge/manifests/settings.pp,2,0.6666666666666666,2,0
mozilla-releng_build-puppet,modules/toplevel/manifests/mixin/buildbot_bridge.pp,1,1.0,1,0
mozilla-releng_build-puppet,modules/slave_secrets/manifests/adjust_sdk_token.pp,3,0.3333333333333333,3,0
mozilla-releng_build-puppet,modules/packages/manifests/git.pp,1,1.0,1,0
mozilla-releng_build-puppet,modules/tweaks/manifests/windows_network_optimization.pp,1,1.0,1,0
mozilla-releng_build-puppet,modules/signingworker/manifests/init.pp,4,0.782608695652174,2,2
mozilla-releng_build-puppet,modules/signingworker/manifests/services.pp,4,0.5,4,0
mozilla-releng_build-puppet,modules/signingworker/manifests/settings.pp,2,0.5,2,0
mozilla-releng_build-puppet,modules/toplevel/manifests/server/signingworker.pp,1,1.0,1,0
mozilla-releng_build-puppet,modules/funsize_scheduler/manifests/conf.pp,3,0.3333333333333333,3,0
mozilla-releng_build-puppet,modules/funsize_scheduler/manifests/init.pp,5,0.65625,2,3
mozilla-releng_build-puppet,modules/funsize_scheduler/manifests/services.pp,2,0.5,2,0
mozilla-releng_build-puppet,modules/funsize_scheduler/manifests/settings.pp,2,0.5,2,0
mozilla-releng_build-puppet,modules/packages/manifests/libffi.pp,2,0.5,2,0
mozilla-releng_build-puppet,modules/toplevel/manifests/mixin/funsize_scheduler.pp,1,1.0,1,0
mozilla-releng_build-puppet,modules/tweaks/manifests/windows_network_opt_netsh.pp,3,0.6666666666666666,3,0
mozilla-releng_build-puppet,modules/tweaks/manifests/windows_network_opt_registry.pp,3,0.5,3,0
mozilla-releng_build-puppet,modules/tweaks/manifests/disable_fseventsd.pp,1,1.0,1,0
mozilla-releng_build-puppet,modules/collectd/manifests/plugins/cpu.pp,1,1.0,1,0
mozilla-releng_build-puppet,modules/nxlog/manifests/conf.pp,2,0.5,2,0
mozilla-releng_build-puppet,modules/nxlog/manifests/init.pp,1,1.0,1,0
mozilla-releng_build-puppet,modules/nxlog/manifests/settings.pp,2,0.5,2,0
mozilla-releng_build-puppet,modules/nxlog/manifests/svc.pp,2,0.5,2,0
mozilla-releng_build-puppet,modules/packages/manifests/nxlog.pp,3,0.3333333333333333,3,0
mozilla-releng_build-puppet,modules/collectd/manifests/plugins/statsd.pp,3,0.3333333333333333,3,0
mozilla-releng_build-puppet,modules/packages/manifests/nsis3_0b1.pp,2,0.5,2,0
mozilla-releng_build-puppet,modules/mercurial/manifests/ext/bundleclone.pp,3,0.4,3,0
mozilla-releng_build-puppet,modules/mercurial/manifests/ext/common.pp,3,0.5,3,0
mozilla-releng_build-puppet,modules/mercurial/manifests/hgrc.pp,4,0.2857142857142857,4,0
mozilla-releng_build-puppet,modules/mercurial/manifests/settings.pp,3,0.5,3,0
mozilla-releng_build-puppet,modules/mercurial/manifests/system_hgrc.pp,4,0.4,4,0
mozilla-releng_build-puppet,modules/runner/manifests/tasks/config_hgrc.pp,4,0.4,4,0
mozilla-releng_build-puppet,modules/nrpe/manifests/check/check_free_aws_ips.pp,2,0.5,2,0
mozilla-releng_build-puppet,modules/hardware/manifests/ec2_config.pp,1,1.0,1,0
mozilla-releng_build-puppet,modules/metcollect/manifests/init.pp,2,0.5,2,0
mozilla-releng_build-puppet,modules/metcollect/manifests/settings.pp,3,0.3333333333333333,3,0
mozilla-releng_build-puppet,modules/packages/manifests/metcollect.pp,2,0.6666666666666666,2,0
mozilla-releng_build-puppet,modules/bacula_client/manifests/settings.pp,2,0.5,2,0
mozilla-releng_build-puppet,modules/ntp/manifests/w32time.pp,2,0.5,2,0
mozilla-releng_build-puppet,modules/windowsutils/manifests/startup_tasks.pp,2,0.6666666666666666,2,0
mozilla-releng_build-puppet,modules/clamav/manifests/daemon.pp,2,0.6666666666666666,2,0
mozilla-releng_build-puppet,modules/clamav/manifests/freshclam.pp,2,0.5,2,0
mozilla-releng_build-puppet,modules/packages/manifests/clamd.pp,3,0.3333333333333333,3,0
mozilla-releng_build-puppet,modules/toplevel/manifests/slave/releng/build/mock/av.pp,2,0.6666666666666666,2,0
mozilla-releng_build-puppet,modules/tweaks/manifests/disable_bonjour.pp,2,0.5,2,0
mozilla-releng_build-puppet,modules/slave_secrets/manifests/release_s3_credentials.pp,5,0.2,5,0
mozilla-releng_build-puppet,modules/nightlypromotion/manifests/init.pp,1,1.0,1,0
mozilla-releng_build-puppet,modules/nightlypromotion/manifests/settings.pp,1,1.0,1,0
mozilla-releng_build-puppet,modules/toplevel/manifests/mixin/nightlypromotion.pp,1,1.0,1,0
mozilla-releng_build-puppet,modules/tweaks/manifests/windows_sendchange_hack.pp,3,0.3333333333333333,3,0
mozilla-releng_build-puppet,modules/disableservices/manifests/disable_indexing.pp,2,0.5,2,0
mozilla-releng_build-puppet,modules/disableservices/manifests/disable_win_defend.pp,2,0.5,2,0
mozilla-releng_build-puppet,modules/dirs/manifests/etc/mozilla_maintenance_service.pp,2,0.5,2,0
mozilla-releng_build-puppet,modules/packages/manifests/mozilla/mozilla_maintenance_service.pp,5,0.2857142857142857,5,0
mozilla-releng_build-puppet,modules/users/manifests/buildduty/extra_authorized_key.pp,2,0.5,2,0
mozilla-releng_build-puppet,modules/nrpe/manifests/check/puppet_freshness.pp,2,0.6666666666666666,2,0
mozilla-releng_build-puppet,modules/disableservices/manifests/disable_win_driver_signing.pp,2,0.5,2,0
mozilla-releng_build-puppet,modules/tweaks/manifests/disable_desktop_interruption.pp,2,0.5,2,0
mozilla-releng_build-puppet,modules/tweaks/manifests/sync_logon_scripts.pp,2,0.5,2,0
mozilla-releng_build-puppet,modules/buildduty_tools/manifests/buildduty-tools.pp,1,1.0,1,0
mozilla-releng_build-puppet,modules/buildduty_tools/manifests/init.pp,2,0.5,2,0
mozilla-releng_build-puppet,modules/buildduty_tools/manifests/install.pp,1,1.0,1,0
mozilla-releng_build-puppet,modules/toplevel/manifests/server/buildduty_tools.pp,1,1.0,1,0
mozilla-releng_build-puppet,modules/packages/manifests/coreutils_5_3_0.pp,2,0.5,2,0
mozilla-releng_build-puppet,modules/packages/manifests/ms_vc100_debug.pp,2,0.5,2,0
mozilla-releng_build-puppet,modules/packages/manifests/netframework-3_5.pp,1,1.0,1,0
mozilla-releng_build-puppet,modules/dirs/manifests/slave.pp,2,0.5,2,0
mozilla-releng_build-puppet,modules/dirs/manifests/slave/talos-data.pp,1,1.0,1,0
mozilla-releng_build-puppet,modules/dirs/manifests/slave/talos-data/talos.pp,1,1.0,1,0
mozilla-releng_build-puppet,modules/packages/manifests/win7sdk.pp,2,0.6666666666666666,2,0
mozilla-releng_build-puppet,modules/cruncher/manifests/allthethings.pp,3,0.5,3,0
mozilla-releng_build-puppet,modules/cruncher/manifests/config.pp,1,1.0,1,0
mozilla-releng_build-puppet,modules/cruncher/manifests/cron.pp,4,0.25,4,0
mozilla-releng_build-puppet,modules/cruncher/manifests/httpd.pp,2,0.5,2,0
mozilla-releng_build-puppet,modules/cruncher/manifests/init.pp,2,0.5,2,0
mozilla-releng_build-puppet,modules/cruncher/manifests/install.pp,1,1.0,1,0
mozilla-releng_build-puppet,modules/cruncher/manifests/reportor.pp,3,0.5,3,0
mozilla-releng_build-puppet,modules/cruncher/manifests/slave_health.pp,4,0.4,4,0
mozilla-releng_build-puppet,modules/toplevel/manifests/server/cruncher.pp,1,1.0,1,0
mozilla-releng_build-puppet,modules/users/manifests/syncbld.pp,2,0.5,2,0
mozilla-releng_build-puppet,modules/packages/manifests/mozilla/dumbwin32proc.pp,2,0.5,2,0
mozilla-releng_build-puppet,modules/packages/manifests/mozilla/python35.pp,2,0.5,2,0
mozilla-releng_build-puppet,modules/python35/manifests/init.pp,1,1.0,1,0
mozilla-releng_build-puppet,modules/python35/manifests/misc_python_dir.pp,2,0.5,2,0
mozilla-releng_build-puppet,modules/python35/manifests/misc_python_file.pp,2,0.5,2,0
mozilla-releng_build-puppet,modules/python35/manifests/pip_check_py.pp,3,0.5,3,0
mozilla-releng_build-puppet,modules/python35/manifests/user_pip_conf.pp,2,0.5,2,0
mozilla-releng_build-puppet,modules/python35/manifests/virtualenv.pp,3,0.5555555555555556,3,0
mozilla-releng_build-puppet,modules/python35/manifests/virtualenv/package.pp,2,0.6666666666666666,2,0
mozilla-releng_build-puppet,modules/python35/manifests/virtualenv/settings.pp,3,0.3333333333333333,3,0
mozilla-releng_build-puppet,modules/signing_scriptworker/manifests/init.pp,11,0.7480314960629921,3,8
mozilla-releng_build-puppet,modules/signing_scriptworker/manifests/services.pp,1,1.0,1,0
mozilla-releng_build-puppet,modules/signing_scriptworker/manifests/settings.pp,8,0.5925925925925926,4,4
mozilla-releng_build-puppet,modules/toplevel/manifests/server/signingscriptworker.pp,2,0.6666666666666666,2,0
mozilla-releng_build-puppet,modules/tweaks/manifests/tcp_challenge_ack_limit.pp,2,0.5,2,0
mozilla-releng_build-puppet,modules/mercurial/manifests/cacert.pp,4,0.375,4,0
mozilla-releng_build-puppet,modules/packages/manifests/jdk17.pp,4,0.5,4,0
mozilla-releng_build-puppet,modules/pushapkworker/manifests/init.pp,2,0.6,2,0
mozilla-releng_build-puppet,modules/pushapkworker/manifests/jarsigner_init.pp,2,0.5,2,0
mozilla-releng_build-puppet,modules/pushapkworker/manifests/mime_types.pp,1,1.0,1,0
mozilla-releng_build-puppet,modules/pushapkworker/manifests/services.pp,1,1.0,1,0
mozilla-releng_build-puppet,modules/pushapkworker/manifests/settings.pp,2,0.5,2,0
mozilla-releng_build-puppet,modules/toplevel/manifests/server/pushapkworker.pp,1,1.0,1,0
mozilla-releng_build-puppet,modules/balrog_scriptworker/manifests/init.pp,10,0.5652173913043478,3,7
mozilla-releng_build-puppet,modules/balrog_scriptworker/manifests/services.pp,1,1.0,1,0
mozilla-releng_build-puppet,modules/balrog_scriptworker/manifests/settings.pp,5,0.3076923076923077,5,0
mozilla-releng_build-puppet,modules/toplevel/manifests/server/balrogscriptworker.pp,1,1.0,1,0
mozilla-releng_build-puppet,modules/beetmover_scriptworker/manifests/init.pp,13,0.4090909090909091,3,10
mozilla-releng_build-puppet,modules/beetmover_scriptworker/manifests/services.pp,1,1.0,1,0
mozilla-releng_build-puppet,modules/beetmover_scriptworker/manifests/settings.pp,9,0.36363636363636365,6,3
mozilla-releng_build-puppet,modules/toplevel/manifests/server/beetmoverscriptworker.pp,1,1.0,1,0
mozilla-releng_build-puppet,modules/scriptworker/manifests/init.pp,1,1.0,1,0
mozilla-releng_build-puppet,modules/scriptworker/manifests/instance.pp,7,0.5,7,0
mozilla-releng_build-puppet,modules/scriptworker/manifests/instance/settings.pp,2,0.5,2,0
mozilla-releng_build-puppet,modules/packages/manifests/mozilla/taskcluster_worker.pp,3,0.5,3,0
mozilla-releng_build-puppet,modules/taskcluster_worker/manifests/init.pp,4,0.5,4,0
mozilla-releng_build-puppet,modules/toplevel/manifests/worker.pp,5,0.4,5,0
mozilla-releng_build-puppet,modules/toplevel/manifests/worker/releng.pp,4,0.36363636363636365,4,0
mozilla-releng_build-puppet,modules/toplevel/manifests/worker/releng/test.pp,1,1.0,1,0
mozilla-releng_build-puppet,modules/toplevel/manifests/worker/releng/test/gpu.pp,1,1.0,1,0
mozilla-releng_build-puppet,modules/users/manifests/root/autologin.pp,2,0.5,2,0
mozilla-releng_build-puppet,modules/packages/manifests/mozilla/signmar_sha384.pp,2,0.75,2,0
mozilla-releng_build-puppet,modules/packages/manifests/security_updates.pp,4,0.5517241379310345,4,0
mozilla-releng_build-puppet,modules/packages/manifests/nsis.pp,2,0.6666666666666666,2,0
mozilla-releng_build-puppet,modules/scriptworker/manifests/chain_of_trust.pp,2,0.6666666666666666,2,0
mozilla-releng_build-puppet,modules/scriptworker/manifests/nagios.pp,2,0.75,2,0
mozilla-releng_build-puppet,modules/scriptworker/manifests/supervisord.pp,2,0.5,2,0
mozilla-releng_build-puppet,modules/pushapk_scriptworker/manifests/init.pp,6,0.5606060606060606,2,4
mozilla-releng_build-puppet,modules/pushapk_scriptworker/manifests/jarsigner_init.pp,2,0.8,2,0
mozilla-releng_build-puppet,modules/pushapk_scriptworker/manifests/mime_types.pp,2,0.5,2,0
mozilla-releng_build-puppet,modules/pushapk_scriptworker/manifests/settings.pp,3,0.6153846153846154,3,0
mozilla-releng_build-puppet,modules/toplevel/manifests/server/pushapkscriptworker.pp,1,1.0,1,0
mozilla-releng_build-puppet,modules/packages/manifests/mozilla/android_sdk.pp,2,0.6666666666666666,2,0
mozilla-releng_build-puppet,modules/l10n_bumper/manifests/init.pp,2,0.6666666666666666,2,0
mozilla-releng_build-puppet,modules/l10n_bumper/manifests/services.pp,2,0.5,2,0
mozilla-releng_build-puppet,modules/l10n_bumper/manifests/settings.pp,2,0.5,2,0
mozilla-releng_build-puppet,modules/toplevel/manifests/mixin/l10n_bumper.pp,2,0.5,2,0
mozilla-releng_build-puppet,modules/packages/manifests/taskcluster_host_secrets.pp,1,1.0,1,0
mozilla-releng_build-puppet,modules/packages/manifests/mozilla/taskcluster_host_secrets.pp,3,0.5555555555555556,3,0
mozilla-releng_build-puppet,modules/taskcluster_host_secrets/manifests/init.pp,3,0.8181818181818182,3,0
mozilla-releng_build-puppet,modules/generic_worker/manifests/init.pp,5,0.3076923076923077,5,0
mozilla-releng_build-puppet,modules/packages/manifests/mozilla/generic_worker.pp,4,0.36363636363636365,4,0
mozilla-releng_build-puppet,modules/toplevel/manifests/worker/releng/generic_worker.pp,2,0.6666666666666666,2,0
mozilla-releng_build-puppet,modules/toplevel/manifests/worker/releng/generic_worker/test.pp,3,0.5714285714285714,3,0
mozilla-releng_build-puppet,modules/toplevel/manifests/worker/releng/generic_worker/test/gpu.pp,2,0.5,2,0
mozilla-releng_build-puppet,modules/toplevel/manifests/worker/releng/taskcluster_worker.pp,3,0.5,3,0
mozilla-releng_build-puppet,modules/toplevel/manifests/worker/releng/taskcluster_worker/test.pp,3,0.6,3,0
mozilla-releng_build-puppet,modules/toplevel/manifests/worker/releng/taskcluster_worker/test/gpu.pp,2,0.5,2,0
mozilla-releng_build-puppet,modules/packages/manifests/open_vm_tools.pp,1,1.0,1,0
mozilla-releng_build-puppet,modules/packages/manifests/xen_tools.pp,2,0.5,2,0
mozilla-releng_build-puppet,modules/buildbot_bridge2/manifests/conf.pp,3,0.3333333333333333,3,0
mozilla-releng_build-puppet,modules/buildbot_bridge2/manifests/init.pp,5,0.5,5,0
mozilla-releng_build-puppet,modules/buildbot_bridge2/manifests/services.pp,3,0.3333333333333333,3,0
mozilla-releng_build-puppet,modules/buildbot_bridge2/manifests/settings.pp,2,0.5,2,0
mozilla-releng_build-puppet,modules/toplevel/manifests/mixin/buildbot_bridge2.pp,1,1.0,1,0
mozilla-releng_build-puppet,modules/nrpe/manifests/check/cltsign_file_ages.pp,1,1.0,1,0
mozilla-releng_build-puppet,modules/packages/manifests/xe_guest_utilities.pp,1,1.0,1,0
mozilla-releng_build-puppet,modules/nrpe/manifests/check/signing_file_ages.pp,2,0.5,2,0
mozilla-releng_build-puppet,modules/packages/manifests/curl.pp,2,0.5,2,0
mozilla-releng_build-puppet,modules/packages/manifests/virtualenv.pp,2,0.5,2,0
mozilla-releng_build-puppet,modules/mercurial/manifests/ext/robustcheckout.pp,2,0.5,2,0
mozilla-releng_build-puppet,modules/firewall/manifests/linux/gentoo.pp,1,1.0,1,0
mozilla-releng_build-puppet,modules/firewall/manifests/params.pp,1,1.0,1,0
mozilla-releng_build-puppet,modules/packages/manifests/iptables.pp,2,0.6,2,0
mozilla-releng_build-puppet,modules/toplevel/manifests/server/depsigning.pp,3,0.5,3,0
mozilla-releng_build-puppet,modules/generic_worker/manifests/disabled.pp,2,0.5,2,0
mozilla-releng_build-puppet,modules/packages/manifests/pkgappdmg.pp,2,0.5,2,0
mozilla-releng_build-puppet,modules/buildduty_tools/manifests/builddutytools.pp,2,0.6666666666666666,2,0
mozilla-releng_build-puppet,modules/dirs/manifests/slave/talos_data.pp,1,1.0,1,0
mozilla-releng_build-puppet,modules/dirs/manifests/slave/talos_data/talos.pp,1,1.0,1,0
mozilla-releng_build-puppet,modules/packages/manifests/bridge_utils.pp,1,1.0,1,0
mozilla-releng_build-puppet,modules/packages/manifests/cpu_checker.pp,1,1.0,1,0
mozilla-releng_build-puppet,modules/packages/manifests/netframework_3_5.pp,1,1.0,1,0
mozilla-releng_build-puppet,modules/packages/manifests/python_mysqldb.pp,1,1.0,1,0
mozilla-releng_build-puppet,modules/packages/manifests/qemu_kvm.pp,1,1.0,1,0
mozilla-releng_build-puppet,modules/fw/manifests/apps.pp,1,1.0,1,0
mozilla-releng_build-puppet,modules/fw/manifests/ipchain_rule.pp,2,0.6,2,0
mozilla-releng_build-puppet,modules/fw/manifests/networks.pp,6,0.6333333333333333,3,3
mozilla-releng_build-puppet,modules/fw/manifests/pf_rule.pp,1,1.0,1,0
mozilla-releng_build-puppet,modules/fw/manifests/profiles/distinguished_puppetmaster.pp,2,0.875,2,0
mozilla-releng_build-puppet,modules/fw/manifests/profiles/puppetmasters.pp,1,1.0,1,0
mozilla-releng_build-puppet,modules/fw/manifests/roles/bacula_from_mdc1_bacula_host.pp,1,1.0,1,0
mozilla-releng_build-puppet,modules/fw/manifests/roles/bacula_from_scl3_bacula_host.pp,1,1.0,1,0
mozilla-releng_build-puppet,modules/fw/manifests/roles/puppetmaster_from_all_releng.pp,1,1.0,1,0
mozilla-releng_build-puppet,modules/fw/manifests/roles/puppetmaster_sync_from_all_puppetmasters.pp,1,1.0,1,0
mozilla-releng_build-puppet,modules/fw/manifests/roles/ssh_from_anywhere.pp,1,1.0,1,0
mozilla-releng_build-puppet,modules/fw/manifests/rules.pp,2,0.8,2,0
mozilla-releng_build-puppet,modules/pf/manifests/init.pp,2,0.6666666666666666,2,0
mozilla-releng_build-puppet,modules/pf/manifests/rule.pp,2,0.6666666666666666,2,0
mozilla-releng_build-puppet,modules/pf/manifests/table.pp,2,0.5,2,0
mozilla-releng_build-puppet,modules/nrpe/manifests/check/check_pending_scriptworker_tasks.pp,2,0.6666666666666666,2,0
mozilla-releng_build-puppet,modules/duo/manifests/duo_unix.pp,1,1.0,1,0
mozilla-releng_build-puppet,modules/duo/manifests/init.pp,2,0.5,2,0
mozilla-releng_build-puppet,modules/duo/manifests/pam.pp,2,0.5,2,0
mozilla-releng_build-puppet,modules/packages/manifests/duo_unix.pp,1,1.0,1,0
mozilla-releng_build-puppet,modules/packages/manifests/openssh.pp,1,1.0,1,0
mozilla-releng_build-puppet,modules/toplevel/manifests/jumphost.pp,2,0.6666666666666666,2,0
mozilla-releng_build-puppet,modules/packages/manifests/mozilla/lego.pp,1,1.0,1,0
mozilla-releng_build-puppet,modules/toplevel/manifests/server/transparencyscriptworker.pp,1,1.0,1,0
mozilla-releng_build-puppet,modules/transparency_scriptworker/manifests/init.pp,6,0.75,4,2
mozilla-releng_build-puppet,modules/transparency_scriptworker/manifests/settings.pp,2,0.6666666666666666,2,0
mozilla-releng_build-puppet,modules/packages/manifests/xz.pp,1,1.0,1,0
mozilla-releng_build-puppet,modules/fw/manifests/roles/ssh_from_anywhere_logging.pp,1,1.0,1,0
mozilla-releng_build-puppet,modules/fw/manifests/roles/vnc_from_anywhere.pp,1,1.0,1,0
mozilla-releng_build-puppet,modules/fw/manifests/roles/vnc_from_anywhere_logging.pp,1,1.0,1,0
mozilla-releng_build-puppet,modules/fw/manifests/profiles/deploystudio.pp,1,1.0,1,0
mozilla-releng_build-puppet,modules/fw/manifests/profiles/depsigning.pp,1,1.0,1,0
mozilla-releng_build-puppet,modules/fw/manifests/profiles/log_aggregator.pp,1,1.0,1,0
mozilla-releng_build-puppet,modules/fw/manifests/profiles/mac_depsigning.pp,1,1.0,1,0
mozilla-releng_build-puppet,modules/fw/manifests/profiles/mac_signing.pp,1,1.0,1,0
mozilla-releng_build-puppet,modules/fw/manifests/profiles/osx_taskcluster_worker.pp,2,0.875,2,0
mozilla-releng_build-puppet,modules/fw/manifests/profiles/partner_repack.pp,1,1.0,1,0
mozilla-releng_build-puppet,modules/fw/manifests/profiles/signing.pp,1,1.0,1,0
mozilla-releng_build-puppet,modules/fw/manifests/roles/dep_signing_from_anywhere.pp,1,1.0,1,0
mozilla-releng_build-puppet,modules/fw/manifests/roles/nightly_signing_from_anywhere.pp,1,1.0,1,0
mozilla-releng_build-puppet,modules/fw/manifests/roles/rel_signing_from_anywhere.pp,1,1.0,1,0
mozilla-releng_build-puppet,modules/packages/manifests/python_devel.pp,1,1.0,1,0
mozilla-releng_build-puppet,modules/packages/manifests/redhat_rpm_config.pp,1,1.0,1,0
mozilla-releng_build-puppet,modules/fw/manifests/roles/ssh_from_rejh.pp,1,1.0,1,0
mozilla-releng_build-puppet,modules/fw/manifests/roles/ssh_from_rejh_logging.pp,1,1.0,1,0
mozilla-releng_build-puppet,modules/fw/manifests/profiles/rejh.pp,1,1.0,1,0
mozilla-releng_build-puppet,modules/fw/manifests/roles/vnc_from_rejh.pp,1,1.0,1,0
mozilla-releng_build-puppet,modules/fw/manifests/roles/vnc_from_rejh_logging.pp,1,1.0,1,0
mozilla-releng_build-puppet,modules/fw/manifests/roles/nrpe_from_nagios.pp,1,1.0,1,0
mozilla-releng_build-puppet,modules/tweaks/manifests/scriptworkerlogrotate.pp,2,0.8,2,0
mozilla-releng_build-puppet,modules/fw/manifests/roles/dep_signing_from_linux.pp,2,0.6666666666666666,2,0
mozilla-releng_build-puppet,modules/fw/manifests/roles/dep_signing_from_osx.pp,2,0.6666666666666666,2,0
mozilla-releng_build-puppet,modules/fw/manifests/roles/nightly_signing_from_linux.pp,2,0.6666666666666666,2,0
mozilla-releng_build-puppet,modules/fw/manifests/roles/nightly_signing_from_osx.pp,2,0.6666666666666666,2,0
mozilla-releng_build-puppet,modules/fw/manifests/roles/rel_signing_from_linux.pp,2,0.6666666666666666,2,0
mozilla-releng_build-puppet,modules/fw/manifests/roles/rel_signing_from_osx.pp,2,0.6666666666666666,2,0
mozilla-releng_build-puppet,modules/fw/manifests/roles/syslog_from_mdc1_releng.pp,1,1.0,1,0
mozilla-releng_build-puppet,modules/fw/manifests/roles/syslog_from_scl3_releng.pp,1,1.0,1,0
mozilla-releng_build-puppet,modules/fw/manifests/profiles/aws_manager.pp,1,1.0,1,0
mozilla-releng_build-puppet,modules/fw/manifests/profiles/slave_api.pp,1,1.0,1,0
mozilla-releng_build-puppet,modules/fw/manifests/roles/slave_api_from_releng_web_cluster.pp,1,1.0,1,0
mozilla-releng_build-puppet,modules/toplevel/manifests/server/taskcluster_host_secrets.pp,1,1.0,1,0
mozilla-releng_build-puppet,modules/fw/manifests/profiles/taskcluster_host_secrets.pp,2,0.75,2,0
mozilla-releng_build-puppet,modules/fw/manifests/roles/taskcluster_host_secrets_from_dc_test.pp,1,1.0,1,0
mozilla-releng_build-puppet,modules/fw/manifests/profiles/buildbot_slave.pp,1,1.0,1,0
mozilla-releng_build-puppet,modules/puppet/manifests/check_changes.pp,1,1.0,1,0
mozilla-releng_build-puppet,modules/dirs/manifests/tools/buildbot.pp,1,1.0,1,0
mozilla-releng_build-puppet,modules/dirs/manifests/tools/buildbot/bin.pp,1,1.0,1,0
mozilla-releng_build-puppet,modules/dirs/manifests/tools/misc_python.pp,1,1.0,1,0
mozilla-releng_build-puppet,modules/releaserunner2/manifests/init.pp,1,1.0,1,0
mozilla-releng_build-puppet,modules/releaserunner2/manifests/services.pp,2,0.5,2,0
mozilla-releng_build-puppet,modules/releaserunner2/manifests/settings.pp,1,1.0,1,0
mozilla-releng_build-puppet,modules/toplevel/manifests/mixin/releaserunner2.pp,1,1.0,1,0
mozilla-releng_build-puppet,modules/fw/manifests/profiles/buildbot_master.pp,1,1.0,1,0
mozilla-releng_build-puppet,modules/fw/manifests/roles/buildbot_master_from_various.pp,1,1.0,1,0
mozilla-releng_build-puppet,modules/fw/manifests/roles/ssh_from_slaveapi.pp,1,1.0,1,0
mozilla-releng_build-puppet,modules/fw/manifests/roles/deploystudio_from_mdc1_releng.pp,1,1.0,1,0
mozilla-releng_build-puppet,modules/fw/manifests/roles/deploystudio_from_scl3_releng.pp,1,1.0,1,0
mozilla-releng_build-puppet,modules/releaserunner3/manifests/init.pp,3,0.375,3,0
mozilla-releng_build-puppet,modules/releaserunner3/manifests/services.pp,1,1.0,1,0
mozilla-releng_build-puppet,modules/releaserunner3/manifests/settings.pp,1,1.0,1,0
mozilla-releng_build-puppet,modules/toplevel/manifests/mixin/releaserunner3.pp,1,1.0,1,0
mozilla-releng_build-puppet,modules/packages/manifests/openssl_non_xcode.pp,1,1.0,1,0
mozilla-releng_build-puppet,modules/datadog_agent/manifests/init.pp,1,1.0,1,0
mozilla-releng_build-puppet,modules/datadog_agent/manifests/integration.pp,1,1.0,1,0
mozilla-releng_build-puppet,modules/datadog_agent/manifests/integrations/apache.pp,1,1.0,1,0
mozilla-releng_build-puppet,modules/datadog_agent/manifests/integrations/cacti.pp,1,1.0,1,0
mozilla-releng_build-puppet,modules/datadog_agent/manifests/integrations/cassandra.pp,1,1.0,1,0
mozilla-releng_build-puppet,modules/datadog_agent/manifests/integrations/ceph.pp,1,1.0,1,0
mozilla-releng_build-puppet,modules/datadog_agent/manifests/integrations/consul.pp,1,1.0,1,0
mozilla-releng_build-puppet,modules/datadog_agent/manifests/integrations/directory.pp,1,1.0,1,0
mozilla-releng_build-puppet,modules/datadog_agent/manifests/integrations/disk.pp,1,1.0,1,0
mozilla-releng_build-puppet,modules/datadog_agent/manifests/integrations/dns_check.pp,1,1.0,1,0
mozilla-releng_build-puppet,modules/datadog_agent/manifests/integrations/docker_daemon.pp,1,1.0,1,0
mozilla-releng_build-puppet,modules/datadog_agent/manifests/integrations/elasticsearch.pp,1,1.0,1,0
mozilla-releng_build-puppet,modules/datadog_agent/manifests/integrations/fluentd.pp,1,1.0,1,0
mozilla-releng_build-puppet,modules/datadog_agent/manifests/integrations/generic.pp,1,1.0,1,0
mozilla-releng_build-puppet,modules/datadog_agent/manifests/integrations/haproxy.pp,1,1.0,1,0
mozilla-releng_build-puppet,modules/datadog_agent/manifests/integrations/http_check.pp,1,1.0,1,0
mozilla-releng_build-puppet,modules/datadog_agent/manifests/integrations/jenkins.pp,1,1.0,1,0
mozilla-releng_build-puppet,modules/datadog_agent/manifests/integrations/jmx.pp,1,1.0,1,0
mozilla-releng_build-puppet,modules/datadog_agent/manifests/integrations/kong.pp,1,1.0,1,0
mozilla-releng_build-puppet,modules/datadog_agent/manifests/integrations/marathon.pp,1,1.0,1,0
mozilla-releng_build-puppet,modules/datadog_agent/manifests/integrations/memcache.pp,1,1.0,1,0
mozilla-releng_build-puppet,modules/datadog_agent/manifests/integrations/mesos_master.pp,1,1.0,1,0
mozilla-releng_build-puppet,modules/datadog_agent/manifests/integrations/mesos_slave.pp,1,1.0,1,0
mozilla-releng_build-puppet,modules/datadog_agent/manifests/integrations/mongo.pp,1,1.0,1,0
mozilla-releng_build-puppet,modules/datadog_agent/manifests/integrations/mysql.pp,1,1.0,1,0
mozilla-releng_build-puppet,modules/datadog_agent/manifests/integrations/nginx.pp,1,1.0,1,0
mozilla-releng_build-puppet,modules/datadog_agent/manifests/integrations/ntp.pp,1,1.0,1,0
mozilla-releng_build-puppet,modules/datadog_agent/manifests/integrations/pgbouncer.pp,1,1.0,1,0
mozilla-releng_build-puppet,modules/datadog_agent/manifests/integrations/php_fpm.pp,1,1.0,1,0
mozilla-releng_build-puppet,modules/datadog_agent/manifests/integrations/postfix.pp,1,1.0,1,0
mozilla-releng_build-puppet,modules/datadog_agent/manifests/integrations/postgres.pp,1,1.0,1,0
mozilla-releng_build-puppet,modules/datadog_agent/manifests/integrations/postgres_custom_metric.pp,1,1.0,1,0
mozilla-releng_build-puppet,modules/datadog_agent/manifests/integrations/process.pp,1,1.0,1,0
mozilla-releng_build-puppet,modules/datadog_agent/manifests/integrations/rabbitmq.pp,1,1.0,1,0
mozilla-releng_build-puppet,modules/datadog_agent/manifests/integrations/redis.pp,1,1.0,1,0
mozilla-releng_build-puppet,modules/datadog_agent/manifests/integrations/riak.pp,1,1.0,1,0
mozilla-releng_build-puppet,modules/datadog_agent/manifests/integrations/solr.pp,1,1.0,1,0
mozilla-releng_build-puppet,modules/datadog_agent/manifests/integrations/ssh.pp,1,1.0,1,0
mozilla-releng_build-puppet,modules/datadog_agent/manifests/integrations/supervisord.pp,1,1.0,1,0
mozilla-releng_build-puppet,modules/datadog_agent/manifests/integrations/tcp_check.pp,1,1.0,1,0
mozilla-releng_build-puppet,modules/datadog_agent/manifests/integrations/tomcat.pp,1,1.0,1,0
mozilla-releng_build-puppet,modules/datadog_agent/manifests/integrations/twemproxy.pp,1,1.0,1,0
mozilla-releng_build-puppet,modules/datadog_agent/manifests/integrations/varnish.pp,1,1.0,1,0
mozilla-releng_build-puppet,modules/datadog_agent/manifests/integrations/zk.pp,1,1.0,1,0
mozilla-releng_build-puppet,modules/datadog_agent/manifests/params.pp,1,1.0,1,0
mozilla-releng_build-puppet,modules/datadog_agent/manifests/redhat.pp,2,0.5,2,0
mozilla-releng_build-puppet,modules/datadog_agent/manifests/redhat/agent6.pp,1,1.0,1,0
mozilla-releng_build-puppet,modules/datadog_agent/manifests/reports.pp,1,1.0,1,0
mozilla-releng_build-puppet,modules/datadog_agent/manifests/tag.pp,1,1.0,1,0
mozilla-releng_build-puppet,modules/datadog_agent/manifests/ubuntu.pp,1,1.0,1,0
mozilla-releng_build-puppet,modules/datadog_agent/manifests/ubuntu/agent6.pp,1,1.0,1,0
mozilla-releng_build-puppet,modules/datadog_agent/manifests/ubuntu/install_key.pp,1,1.0,1,0
mozilla-releng_build-puppet,modules/python27/manifests/init.pp,1,1.0,1,0
mozilla-releng_build-puppet,modules/python27/manifests/misc_python_dir.pp,1,1.0,1,0
mozilla-releng_build-puppet,modules/python27/manifests/misc_python_file.pp,2,0.5,2,0
mozilla-releng_build-puppet,modules/python27/manifests/pip_check_py.pp,1,1.0,1,0
mozilla-releng_build-puppet,modules/python27/manifests/user_pip_conf.pp,1,1.0,1,0
mozilla-releng_build-puppet,modules/python27/manifests/virtualenv.pp,2,0.9166666666666666,2,0
mozilla-releng_build-puppet,modules/python27/manifests/virtualenv/package.pp,1,1.0,1,0
mozilla-releng_build-puppet,modules/python27/manifests/virtualenv/prerequisites.pp,1,1.0,1,0
mozilla-releng_build-puppet,modules/python27/manifests/virtualenv/settings.pp,2,0.75,2,0
mozilla-releng_build-puppet,modules/packages/manifests/docker_ce.pp,1,1.0,1,0
mozilla-releng_build-puppet,modules/shipit_scriptworker/manifests/init.pp,4,0.6428571428571429,4,0
mozilla-releng_build-puppet,modules/shipit_scriptworker/manifests/settings.pp,4,0.4166666666666667,4,0
mozilla-releng_build-puppet,modules/toplevel/manifests/server/shipitscriptworker.pp,1,1.0,1,0
mozilla-releng_build-puppet,modules/docker_ce/manifests/init.pp,1,1.0,1,0
mozilla-releng_build-puppet,modules/fw/manifests/profiles/roller.pp,1,1.0,1,0
mozilla-releng_build-puppet,modules/fw/manifests/roles/roller_api_from_anywhere.pp,1,1.0,1,0
mozilla-releng_build-puppet,modules/roller/manifests/base.pp,1,1.0,1,0
mozilla-releng_build-puppet,modules/roller/manifests/instance.pp,1,1.0,1,0
mozilla-releng_build-puppet,modules/roller/manifests/systemd.pp,2,0.8,2,0
mozilla-releng_build-puppet,modules/toplevel/manifests/server/roller.pp,1,1.0,1,0
mozilla-releng_build-puppet,modules/toplevel/manifests/server/treescriptworker.pp,1,1.0,1,0
mozilla-releng_build-puppet,modules/tree_scriptworker/manifests/init.pp,5,0.5263157894736842,5,0
mozilla-releng_build-puppet,modules/tree_scriptworker/manifests/settings.pp,3,0.3333333333333333,3,0
mozilla-releng_build-puppet,modules/bouncer_scriptworker/manifests/init.pp,6,0.3888888888888889,6,0
mozilla-releng_build-puppet,modules/bouncer_scriptworker/manifests/settings.pp,5,0.375,5,0
mozilla-releng_build-puppet,modules/toplevel/manifests/server/bouncerscriptworker.pp,1,1.0,1,0
mozilla-releng_build-puppet,modules/fw/manifests/roles/bacula_from_mdc2_bacula_host.pp,1,1.0,1,0
mozilla-releng_build-puppet,modules/fw/manifests/roles/deploystudio_from_mdc2_releng.pp,1,1.0,1,0
mozilla-releng_build-puppet,modules/fw/manifests/roles/syslog_from_mdc2_releng.pp,1,1.0,1,0
mozilla-releng_build-puppet,modules/packages/manifests/mozilla/squashfs_tools.pp,1,1.0,1,0
mozilla-releng_build-puppet,modules/pushsnap_scriptworker/manifests/init.pp,4,0.5,4,0
mozilla-releng_build-puppet,modules/pushsnap_scriptworker/manifests/settings.pp,2,0.6666666666666666,2,0
mozilla-releng_build-puppet,modules/toplevel/manifests/server/pushsnapscriptworker.pp,1,1.0,1,0
mozilla-releng_build-puppet,modules/packages/manifests/security_updates_1433165.pp,1,1.0,1,0
mozilla-releng_build-puppet,modules/packages/manifests/mozilla/python3.pp,3,0.4,3,0
mozilla-releng_build-puppet,modules/python3/manifests/init.pp,1,1.0,1,0
mozilla-releng_build-puppet,modules/python3/manifests/misc_python_dir.pp,1,1.0,1,0
mozilla-releng_build-puppet,modules/python3/manifests/misc_python_file.pp,1,1.0,1,0
mozilla-releng_build-puppet,modules/python3/manifests/pip_check_py.pp,1,1.0,1,0
mozilla-releng_build-puppet,modules/python3/manifests/user_pip_conf.pp,1,1.0,1,0
mozilla-releng_build-puppet,modules/python3/manifests/virtualenv.pp,2,0.6,2,0
mozilla-releng_build-puppet,modules/python3/manifests/virtualenv/package.pp,1,1.0,1,0
mozilla-releng_build-puppet,modules/python3/manifests/virtualenv/settings.pp,1,1.0,1,0
mozilla-releng_build-puppet,modules/addon_scriptworker/manifests/init.pp,4,0.5454545454545454,4,0
mozilla-releng_build-puppet,modules/addon_scriptworker/manifests/settings.pp,1,1.0,1,0
mozilla-releng_build-puppet,modules/toplevel/manifests/server/addonscriptworker.pp,1,1.0,1,0
mozilla-releng_build-puppet,modules/puppet/manifests/renew_cert.pp,1,1.0,1,0
mozilla-releng_build-puppet,modules/fw/manifests/roles/ssh_from_roller.pp,1,1.0,1,0
mozilla-releng_build-puppet,modules/python3/manifests/settings.pp,1,1.0,1,0
mozilla-releng_build-puppet,modules/fw/manifests/profiles/linux_taskcluster_worker.pp,2,0.5,2,0
mozilla-releng_build-puppet,modules/python3/manifests/virtualenv/prerequisites.pp,1,1.0,1,0
mozilla-releng_build-puppet,modules/python/manifests/system_pip_conf.pp,1,1.0,1,0
mozilla-releng_build-puppet,modules/packages/manifests/dhcp.pp,1,1.0,1,0
mozilla-releng_build-puppet,modules/packages/manifests/xz_devel.pp,1,1.0,1,0
mozilla-releng_build-puppet,modules/mergeday/manifests/init.pp,1,1.0,1,0
mozilla-releng_build-puppet,modules/mergeday/manifests/install.pp,1,1.0,1,0
mozilla-releng_build-puppet,modules/toplevel/manifests/server/mergeday.pp,1,1.0,1,0
mozilla-releng_build-puppet,modules/users/manifests/roller.pp,1,1.0,1,0
mozilla-releng_build-puppet,modules/users/manifests/roller/account.pp,1,1.0,1,0
mozilla-releng_build-puppet,modules/users/manifests/roller/setup.pp,1,1.0,1,0
mozilla-releng_build-puppet,modules/generic_worker/manifests/control_bug.pp,1,1.0,1,0
mozilla-releng_build-puppet,modules/beetmover_scriptworker/manifests/mime_types.pp,1,1.0,1,0
mozilla-releng_build-puppet,modules/bsdpy/manifests/init.pp,1,1.0,1,0
mozilla-releng_build-puppet,modules/bsdpy/manifests/instance.pp,1,1.0,1,0
mozilla-releng_build-puppet,modules/toplevel/manifests/server/bsdpy.pp,1,1.0,1,0
mozilla-releng_build-puppet,modules/fw/manifests/profiles/bsdpy.pp,1,1.0,1,0
mozilla-releng_build-puppet,modules/fw/manifests/roles/bsdpy_from_mdc1_releng.pp,1,1.0,1,0
mozilla-releng_build-puppet,modules/fw/manifests/roles/bsdpy_from_mdc2_releng.pp,1,1.0,1,0
mozilla-releng_build-puppet,modules/signing_server_cert_check/manifests/cron.pp,1,1.0,1,0
mozilla-releng_build-puppet,modules/signing_server_cert_check/manifests/init.pp,1,1.0,1,0
mozilla-releng_build-puppet,modules/toplevel/manifests/mixin/signing_server_cert_check.pp,1,1.0,1,0
mozilla-releng_build-puppet,modules/packages/manifests/libsodium.pp,1,1.0,1,0
mozilla-releng_build-puppet,modules/packages/manifests/xdelta3.pp,1,1.0,1,0
mozilla-releng_build-puppet,modules/fw/manifests/roles/syslog_from_mtv2_qa.pp,1,1.0,1,0
